,가츠벤또,고유식탁,수저가,덮당,고기마니밥마니,정밥,밀플랜비,엠마오관 학식,하노이별,오복떡볶이,기꾸스시,담산,미도인,설레임삼겹살,고삼이,미분당,또보겠지 떡볶이집,롤링 파스타,정통집,대포찜닭,신촌부추곱창,카라멘야,정육면체,라구식당,고기 창고,타코로코,보승회관,가화만사성
0,1.0017304860130878,0.9764551479471459,1.0031619762660737,0.9997726395033193,1.0011150799472912,0.6254901056473501,0.7908987905005269,1.0009027487716762,0.9957581563299562,0.3900691767543927,0.9961874772796655,0.28165869224903983,0.19097342178291188,0.23825789003887732,0.9860977258089418,0.3081507987839017,0.24357668604044636,0.1947194995062428,0.16381692585496077,0.996510813764861,0.3276052493839182,0.20148127407628777,0.22452657042921903,0.04699972541366915,0.17599363713801983,0.283595894546677,0.09575639607531052,0.08087495905433763
1,0.9917296180308719,0.530073359157954,0.9374872027322957,0.9977214204551745,0.9890481425078472,1.0041082158538974,1.0022997395082838,0.7385063253192921,1.002388832661822,0.44355362766173456,1.0014298128615886,0.32046843702568695,0.16067567355001117,0.32413292876583366,0.997262819756402,1.004658152403001,0.3909757140644473,0.5487548700512123,1.0020895917621255,1.0013156560597338,0.9949066140312783,1.0008920393424683,0.4386005498284917,0.06720789328994707,0.22507895957940727,0.37946163027757185,0.26859175497134397,0.36236369463321405
2,0.2597681529374526,0.12213274718873954,0.2714295476026142,0.9799316561630289,0.13972844683040136,0.2142418529618783,0.42595596122965285,0.2805975623615695,0.9128591220063571,0.17747094655137513,0.009788449899535959,0.15706127943044512,-0.010423695946735605,0.10119742635670753,0.04011023854414191,0.05713049464031317,0.2009611983153203,0.10255573367441714,0.9849813092319659,0.07424102337882307,0.17959427660663443,0.17840476510088565,0.023873567408119467,-0.12641464280372258,-0.044413606694741994,0.15909357993407625,0.05254225247037246,0.08747537959728824
3,0.9978075165891578,0.9970825855549217,1.0028114483104535,0.9994732553045103,1.004910025228433,0.982675422821816,1.0065402953742688,0.9968937547255545,0.9967750501105854,0.9676164172432353,0.9880356855952892,0.11389107603288315,0.2886428102062115,0.03717443890108644,0.284721247560327,0.26180632739071863,0.21502895188593174,0.12831361334119065,0.15592965147160212,0.9954852449231699,0.26925687743375076,0.9939398008961959,0.42153358479497444,0.32875371074126664,0.1670373437695963,0.18983636410473487,0.05709893685824034,0.26759685047052306
4,0.9968857207488431,0.6671312828112281,0.997807362840857,0.6309994683812222,1.0024378559199658,0.9859535847004302,0.9981925328301249,1.0009679309526418,0.9891407666114833,0.9977235332150913,0.9976662325929222,1.0013502642032277,0.46129787810921163,0.9884134631986974,0.998404549096755,0.9881791851172912,0.45576685357487834,0.45015607439629163,0.9954159919506353,0.9949945780567384,1.0009381121972065,0.9984382547629849,0.9822591964246132,0.6284029079347495,0.3326734229952065,0.31314643131198816,0.2823524189166033,0.4376350859805822
5,0.969137104514088,0.2617670598478629,0.5493812775558484,0.1067447558211634,0.26519836709854916,0.15237706811789736,0.30432538290054645,0.2682819022002776,0.2014285425029108,0.1689022430569286,0.42656805465176345,0.2805461097869594,0.1686385221404892,0.14864133727075207,0.23636848196087823,0.14832931317610254,0.22220810328133206,0.37677496142791905,0.16012346469284164,0.1467148266883032,0.36553083676851894,0.1539477770484312,0.23508996312480118,0.9913320340608153,0.9764542604703219,0.9741329155823891,0.9791429163989247,0.9922412353395696
6,0.9998221521151054,0.9986690454544505,0.9998299149363907,0.9980993146286128,1.0010786125061812,1.0005847512906196,0.9990867948553361,1.003994028975412,0.9993581813916107,0.9978203467585967,1.0000193902925258,0.9973704024575767,1.0013370634253458,0.9973813784084908,0.9990580924990083,0.9975788059528483,0.9985115405739682,1.0001666691667215,1.0034938536817652,1.0007355101032804,1.001541138537111,0.995969307696198,0.9983088654698284,1.0008316517128548,0.9978343250014363,0.9970542297963031,0.9981014066602658,1.0008891554746713
7,0.997852046761255,0.5964729267510375,0.9982789194478996,0.4615574026780178,0.8984786872052775,0.994103292753163,0.9965364620470647,0.7558561165642177,0.40550426537715856,0.9979590376667813,1.0031957061430816,0.2673150748635618,0.9968383413481343,0.31953167616183087,0.9954092198878015,1.005348774991576,1.0031318091287842,1.0008318179790305,0.40637767349397325,1.0043792990064864,0.47062936426669727,0.2382413731064021,0.3132098601649899,0.30184408893724946,0.28264577105752653,0.36523060646239724,0.20044451724880852,0.2736592004639392
8,0.9959217831823914,0.9872706253947836,0.9958524013145602,0.4910918837164917,0.9987078860144591,0.5611715163715201,0.9972901061224798,0.5897904672664015,0.41327120823819663,0.9961616545746383,1.0021675777175993,0.32402520217502495,1.001811093372329,0.17639400618323905,0.3658680747880175,0.9963449491824451,1.0052927279104653,0.9949968264123235,0.2746051934416066,1.0017442773295813,0.44437778187254423,1.0000193950106298,1.0019873789086902,1.0052090449387234,0.9969826918133071,0.9854109890408478,0.3273395626703224,0.5515098731065406
9,0.998171560037422,0.9762681203339049,0.9941156404113201,0.33221479196105363,0.7057698996777632,0.3021836557426041,0.9589845910214232,0.49385327772333076,0.27349939902802006,0.15150466244545094,0.9670059167605521,0.08498008286249611,0.4441376527449764,-0.012652309115371432,0.23393489304224727,0.3333653117985894,0.9833245220585405,0.9921659645733845,0.28398292711776785,0.419649975310498,0.29242566107434415,0.18328427424280327,0.3678679198097055,0.30026996657885446,0.23857154923830648,0.14802035930881133,0.24104282868664317,0.10814728651590391
10,0.9997533140637993,0.5564114726043835,0.9998367668334522,0.996407190919055,0.9981255835992122,0.9959380761878551,0.997217736504538,0.9913115437981346,0.5222430392377732,0.41443076364649334,0.3709371439527348,0.20045379235969674,0.3036400567551908,0.025118667955441702,0.35528154187739036,0.15308370862218246,0.9925976469072999,0.28762459091886156,0.9963842536384724,0.9959295473766399,0.31207042204708313,0.14325095232045287,0.26756263446570405,0.04099586618614053,0.3358328005824931,0.9833507321192465,0.18793649686969668,-0.0072440435414857385
11,1.0014307724775435,0.99266594951748,1.0013433697939917,0.9966345116620777,0.7679196336475533,0.5031642616802398,1.0001251894422138,0.997217933797784,0.437888223641558,0.27110527779898025,0.9995416496921172,0.9984530592255902,1.001206645191366,0.2236992118919079,0.5190763338606311,1.0002433961167825,0.413848953078382,0.9941656171822122,0.9977724664284258,0.9982817817494731,0.41689272547392964,0.2547144599935844,0.410335594782143,0.29426069575271435,0.24865325670621852,0.2648811422205957,0.27777108121632477,0.0872741782125358
12,0.99044728331163,0.3538590946430315,0.9840698189187665,0.23795151964827704,0.5409133457322208,0.20840935530656318,0.4391566461677695,0.4158966980957275,0.22749174770339917,0.0724199365329331,0.1234907022139525,0.030005235758261924,0.13932190681947246,0.09747685917579643,0.044909801105012914,0.16150969322909403,0.9876758876210802,0.25147154623645834,0.18360160997495656,0.24467771159842217,0.14048045521634706,0.004958802810117839,0.15570623596516323,0.1318762211185024,0.08918407575400747,0.0498816907447842,-0.026578591024015795,-0.029763148524800286
13,0.2822818072301581,0.13697213511929562,0.24292947211918592,0.17792188805785542,0.13584836859607902,0.07294595057919048,0.3073958854608796,0.04833415513196674,0.18061246084057317,0.09864230168674162,0.9951801425645941,0.9973421139599565,1.0013884494508274,0.432513767938309,0.4608717158592039,1.003021134453756,0.9982886478831513,1.001437188209909,0.9924776678532142,0.35178762596542407,0.5074054309101452,1.0018729972857003,0.9990412854310844,0.9997161844800335,0.4155601270704614,0.4686582138143074,0.9913057369500198,0.995825643531427
14,0.31810541602709536,0.04523718004365032,0.2811149805419807,0.04765800182647525,0.23600801767841612,0.13973912479899603,0.06912949018729712,0.09935321642331084,0.2408964653112066,0.24798736616078454,1.0002758242667282,0.9993998359340104,1.0018258586389797,0.9991838525046256,1.0041306873784208,0.9991228046859489,0.9979374422770535,1.000866780074503,1.0014022675841558,0.9941176461096146,0.9970720228763355,0.1740792667532759,0.3590809253226196,0.9974557301000819,0.9994041090837729,1.0003576603958464,0.5548234796952691,0.9951271477630832
15,0.9987029179893765,1.0050415186678612,0.9997855423643991,1.0039808000999306,1.0007247546159865,0.9956189092836556,0.9991870936614053,1.0039442247063566,1.0048032908681805,0.9842915485648489,1.001352388959016,1.0054252252301084,1.0014418893853025,1.0046678606876864,1.00193173469874,1.0040618948156697,1.0006736472601503,1.0002234509390897,1.0035621590877195,1.0025964174387536,1.0014905570855859,1.0035990476117755,1.003017052539302,1.0004339097162755,1.002308160123396,1.0044887389648518,1.0043700093376242,1.0026431000917635
16,0.06708025840551021,0.05592503618947349,0.012042385675965356,0.01822564610540582,0.008508224427734221,0.039817586037747155,0.07472759037677801,0.14813633981073043,-0.046865121334456174,0.027149144379401562,0.13784210160908603,0.1866146664868715,0.9790806295981909,0.1486129628459784,0.016740823205246426,-0.0001802312087255259,0.2993088519984958,0.25831264136755105,0.9901055421565406,0.11491843382199447,0.09567440983697528,0.03126443176049762,0.0013345467510436602,-0.010094804834162335,0.0891368682455938,0.10482616781507426,0.07635370084981188,0.005354835127658639
17,0.30981817488710167,0.15620157629273682,0.30559272800172044,0.10626869093079874,0.3210648259443861,0.10657792658549077,0.17618283399323556,0.08932664317402181,0.06585070200361356,0.1325271991691388,0.9987853564419695,0.19531554053901157,0.9970402651271115,0.32227350676559957,0.33009285947782196,0.9984547069107439,0.9954503293167216,0.9956645032591187,0.26188277483025735,0.997174092894934,0.9828083980901818,0.20198929235209445,0.9944482545853235,0.4033915663899462,0.2837000070791863,0.20991180827322667,0.267965405871096,0.2202270669677797
18,0.9905115485749467,0.33400052867574925,0.9881190949461114,0.24223313868465857,0.5945950620024738,0.3230063093442214,0.38891257939419277,0.46960481190336145,0.9939757820661677,0.3045278969018045,0.9988305460412981,0.42302699706115915,0.28991886748622525,0.9968611467737698,0.9886247463595682,1.0054432378108218,0.5011788422281047,0.9941043454039031,0.19263384759094715,0.9983723084622156,0.5499519730272444,0.29297849654996166,0.2942227817421407,0.989623836935133,0.38299683793570616,0.25653110693400183,0.4004491344541508,0.9924741045139313
19,1.0021362355768157,0.5497024993017326,0.9987333691026006,0.9936084537977129,0.9928859386705193,1.0006273773804293,0.9999699523423653,0.9810098418210595,1.0052359548471261,0.9922713213143025,0.9902089993344967,0.19834932798171823,0.21494382083135488,0.12576362324970214,0.48524484599241435,0.9859443749927557,0.160739686869553,0.19428311167447748,0.19592625572734473,0.3274748588558017,0.43847730249462696,0.27230878723477686,0.3121546099614925,0.3502325141485546,0.3513541702629398,0.9908224771114105,0.3470454051844418,0.9800556755765133
20,1.000947018400428,0.9986192991924904,0.9992708079051216,0.5448835375608465,0.9948398561578256,0.6747832904369367,0.867364412600441,0.9958019779109946,0.9990184453448718,0.9986542822434523,0.4308120010591735,0.2835722616639751,0.36861826135461506,0.5062870633863357,0.25588558528688365,0.9999440352678473,0.9996502563503555,0.9998770693513961,0.9953849703133281,0.480463517543691,0.9978449101420044,0.9965432118682236,1.0016689625490858,0.9932899336290945,0.2690256103737567,0.21173810990890068,0.35114823167691445,0.46429997834130243
21,0.9979069452097551,0.9951254030157497,0.9986453349003911,0.9977177602500349,1.004091723101372,1.000207645386648,0.7822394437116207,0.9917143245612705,0.4498652530241172,0.9956588419629887,0.4649859597468138,0.23684837559561372,0.9955142726748265,0.3290966617312027,0.27669984827665345,0.2957141995984623,1.0013587481406099,0.9991193636216306,0.39161234809406176,0.9972259017473772,0.9897231679550533,0.9949256197434482,0.9984941879142848,0.5271602068928702,0.993725975303545,0.3052757007971665,0.1839915501684129,0.35245427981724897
22,0.990908266864821,0.9957447016916919,0.8079966200757978,0.5015254755514478,0.6700851263479419,0.4465192583330755,0.9890737004120072,0.9910382261474511,0.3312627665376851,0.12801606978594762,0.3301013910632089,0.9970771309996713,0.9977835872444203,0.29444757129718085,0.3001451291382088,0.9957350777677801,0.3704401680371063,0.9982867796239272,0.9954083706580314,0.27967003105182153,0.35166342352387836,0.9978871028865004,0.9941167848625536,0.3499108841196808,0.24750628955259077,0.13976503043415342,0.3019207186721668,0.11483678636061515
23,1.0023567185459563,1.0030582036317959,1.002831958317893,0.5270257478082401,1.0046838263260867,1.001408869885524,0.9896471797996661,1.0042026988071275,0.3949993469959463,0.9869784914828041,0.9990259740810805,0.9888869092630159,0.4351355946594595,0.4099477905128035,0.9977667381631548,0.4218859349377213,0.3716364518721121,0.9880215338641261,0.3526974356465882,0.995846813917362,0.9957793686824539,0.35912443044030695,0.9895644070518901,0.9972000795374296,0.4021190480188167,0.4040373487483957,0.4287348355463773,0.3095593925485941
24,0.9973245961282211,0.9974557377859767,1.0004746137606315,0.9964489114109895,1.0020435403553642,0.9897301649207435,1.0008790821476798,0.6299702763215961,0.5313158755736298,0.9968073126783197,0.9982412951880801,0.21865790398727575,0.38884554602565724,0.4394445085951692,0.4150504649681096,0.9923509423285694,0.9924004015856068,0.7873411777577077,0.34364490937740255,0.9982500918866002,1.0015729584010729,0.9943687802308636,1.0026240689785573,0.9977328337608358,0.9949696851579908,0.5391215536897207,0.9986307567842349,0.9939533077392639
25,0.04459821361834121,0.05441635168763727,0.003993634973615309,-0.07261351792603349,-0.09615535667755565,-0.02745154601011294,0.007900695982950384,0.027850920317630933,-0.0034215882154447277,0.07891631076785112,0.1927027854124657,0.17382619546681005,0.045816371372498776,0.1648046619144198,0.015435778582990755,0.01916320712376506,0.07907103503545715,0.22659512214572602,0.02426945067074382,0.03347877543130707,0.18673037874186896,0.09320631147704783,0.13753617443287902,0.9595729542245912,0.11037286621330628,0.1932702547721638,0.9253891397578292,0.327135240683983
26,0.9992380185725088,0.9761821536056272,0.9992105459198761,0.9978913010406188,0.9944774201385539,0.9999753009419593,0.9996208721223476,0.9784927515569803,1.0027719495323888,0.9947339615862405,0.996301521527422,0.9942064575301339,0.999210359100559,0.9902449236347712,0.7216083629565568,1.0006782436168826,0.9910372621454291,0.9954460436450635,1.000971452995413,0.47952089324522407,0.9996850970558642,0.9992083503461873,1.0018454428677075,1.001429968759408,0.9987050834321665,0.9992437245527116,0.9905721997732493,0.9945067140847847
27,0.9911909782263981,0.4454262317138057,0.754953356382867,0.4387908787364003,0.5528061760472884,0.3633418561048389,0.9894070677161696,0.9460849956751911,0.9875724395926831,0.19014917227906727,0.0979657919153419,0.08352590186386732,0.04635889091271728,0.051976556924340556,0.020511826874918287,0.13081688606784359,0.12624479645982056,0.03387056350541487,0.1470295721359497,0.11703478279096449,0.10630974124739626,0.13790532391903976,0.07258227012910501,0.010550951286407304,-0.02582098985609914,0.07921108726672475,0.061654800339838306,0.006896530089077327
28,0.9999464929403362,0.9699859600267583,0.9997487338323008,0.9907315273220324,1.0006387727765218,0.9933068542327799,1.0001691540677922,0.9845029349100549,0.9985802675394688,0.9491318826886153,1.001685217604719,0.9976569606893998,1.0000204466227807,0.990740307865102,0.9948407386544014,1.0045369627981375,1.002260629358911,1.0010109158431622,0.9938038474396449,0.9980366586095855,1.001766176019289,0.9878459582975689,1.0029500039402097,1.0000001166448056,0.997898616973921,0.9893908802464861,1.0023377964045763,1.0009406106326264
29,0.8802255363493807,0.9846936107435786,0.990151407751708,0.9901355108505303,0.6740258061666744,0.39967784481097746,0.9951030870157347,0.6132483777145648,0.3417475706158945,0.3341744791033419,0.9993715877981929,0.4288981067551481,0.9995548655047396,0.14522350894542987,0.15157422732957387,0.3041209158888163,0.6393398726294033,1.0003276866807984,0.9919380774217315,1.0031746333927638,0.3992976291864935,1.002551493350517,1.0007334322283425,0.9820328300504719,0.3348646702721423,0.2480472414321401,0.3700013646598285,0.3419976729249124
30,1.0054656562019262,0.9916413761156998,0.997567462862503,0.38929299034127596,0.9964650756028648,0.4798121705450179,0.9962035983203954,0.9896495381720924,0.30280254440603094,0.23951831735963575,0.1421685242248638,0.03437003231051396,0.10938507738688336,0.04216928805812531,0.043653306264927305,0.1083897272943177,0.13054636310709097,0.1064462734266925,0.11814081394943042,0.19390549236673765,0.12502724523710826,0.09202473176435727,0.18889730520041306,-0.045891338913971284,0.06178213012440388,-0.022600868548796324,0.059124948502801394,-0.10490785561894203
31,0.9997516893481431,0.9985234806677884,0.998675755149075,0.9981649337979753,1.0000054251068928,1.000359446561244,0.9990251978736349,0.9967619846613606,1.0045661717025474,0.9978030272374567,1.0001067027382482,0.9973877586958455,0.998141243866201,0.9974550386793232,0.9988118353620189,0.9976269510789332,1.0007298715706885,1.0001773730579036,0.9990347826580639,0.9977015689612707,0.9999507205623313,0.9960553274476642,1.0028798665765948,1.0005347541871437,0.9977960362775556,0.9971628524171117,0.9980810590490947,0.9980353500188672
32,0.9973485260553338,0.39762346232574697,0.9973277533225635,0.9912882071946915,0.6744003763455185,0.24854142483369018,0.9940844850079541,0.46195192722483547,0.4341558883077787,0.21103795362685157,0.2790370966413075,0.07253997935843083,0.18112685145855187,0.08657951198586487,0.15967237994038042,0.9931027878113621,0.9903808401097658,0.4653028964371384,0.26125113591308674,0.9963244852750217,0.20134834305139399,0.21136755935229357,0.3200857033765961,0.030417432747046492,0.07003059102313051,0.09979526282211446,0.041036182117240305,0.05598404925205273
33,1.0041057573435324,0.9864686021688012,1.001426672999046,0.9904795313254104,0.9995193798364084,0.9866636414537036,0.9935919944006669,0.9901083679914224,0.987860619100603,0.9884633069269995,1.0040521565125422,0.984361231254,0.990053413674062,0.9770176720717745,0.9889192887255719,1.0012395923662327,0.9753710274561367,0.9967075582400207,0.5139175153688891,0.9722325230517872,0.9982233155664193,0.45910928733829093,0.998284810425591,0.9994433838122052,0.9890849463230471,0.9715361276289053,0.9923971823175095,0.9617597256325023
34,0.27208196124438067,0.07140931686310475,0.28968333739246616,0.15275402839027252,0.23729839459237112,0.050618936795032335,0.16951694408034887,0.07352536754128251,0.16934466487111288,0.15449207587744374,1.002212162305703,0.9980561303209938,1.0009579118350853,0.4876995043651352,0.9940782172535998,0.9963785202061731,0.9967356385174679,1.004493035286583,0.2447361699332322,1.000672099330604,0.4063839615044419,1.0017255789503559,0.9968844798696183,1.0011903603003016,0.48651399711648813,0.4216351668895343,0.36877142711863187,0.9732090617251714
35,0.9974051020510128,0.6361467739256061,1.0036616828882075,0.9987516576624726,0.9973739109211164,0.9974935091896121,1.0022926910340093,0.9990615653672457,1.001442135231728,0.36386068363927776,1.0003322386556002,0.2284519259969472,1.001973625848691,0.20525783119185562,0.3796578376281263,0.9983706802615708,0.9998772722876332,0.9991117351630834,0.30566688910033185,0.5009883738736098,0.33599378888362547,0.9956204190444156,0.5476528973582432,0.2166017845529289,0.2365910065544421,0.2818374123247176,0.1804922155966091,0.24660851210475643
36,1.0013867138071761,0.9985919451023461,0.9994634531523756,1.0014901565422203,1.000903634867927,1.0024162039833249,0.9971671584821489,0.9847898251301728,0.9750541104476291,0.9493446945642086,1.0005096156721236,0.9975923802122191,0.9980416850422774,1.0020633618965669,0.9988498096977002,0.9899874200237095,0.9823775183240997,1.000408136324642,0.9991769656491941,0.9917653768909995,1.0010701343100767,1.0008726366914913,0.9988861317467993,0.999778340579004,1.0011601233667362,1.0016797276734999,0.9990212426167484,1.0008557231110429
37,1.002573834354084,0.9947244229612253,0.9989621308893278,0.3208174380229883,0.7811257931768462,0.44241254828120447,0.9963531587982424,0.9914509436711104,0.39465160270659977,0.35347429072973485,0.9995966515621071,0.24856149200713007,0.48491142335466386,0.354486451046315,0.42008672642863687,1.0014643432129737,0.9997122405153636,1.0041578470069201,0.3817080565801975,0.9991806072329326,0.9946443154209881,0.20635331704573423,0.5167624368522278,0.9926836228723892,0.27648359103042264,0.26663459863353084,1.0008792705893268,0.3243186396409976
38,0.993452955448271,0.42577646538128905,0.9881595790501816,0.9970504586419404,0.5501784228372371,0.35661443270445536,0.7183430580007777,0.5217606145756398,0.9903704556972504,0.09856475597924716,0.06681319242068938,0.16084894765099667,0.11171534826422136,-0.028193619606584553,0.09227222420918685,0.3270559943871418,0.3004556912526568,0.9854895989315021,0.15452073609036937,0.23636868695540902,0.18912646501671632,0.9762864401822657,0.32472785247040237,0.164815526554059,0.10350758444393596,0.03357852964225024,0.07492554250256317,0.30194238328432804
39,1.0041461386841903,0.9966374693321143,0.9988611760049122,0.9982179807515192,0.9982565193786503,1.0011314318354618,1.0035533189474326,0.9951288360052309,0.9877564081430985,0.9845643152263029,1.000729455402907,0.9929785107082134,0.998244148911066,0.5534678933905806,0.6234071006321903,0.9844522026434825,0.9968520555168813,1.0013400145864213,0.9969971698426379,0.9975290192664572,0.998285385533883,1.0027098078066667,0.9993059122954394,1.0010152620129935,0.9955974473748094,1.0044655861154723,0.9957463359064787,0.9983006928736211
40,0.63612351575394,0.9872368165758854,0.519645465247154,0.3145425890313101,0.5009541265424949,0.4197654210426073,0.9731328644969978,0.9647649235758917,0.23695226267002456,0.1792721692410962,0.10809198004668641,0.10888278544678454,0.19807484059064667,0.12017461186249762,0.10045282072435621,0.02014277662739372,0.13894097505275774,0.2516239543048066,0.9893175314226759,0.08241100926824223,0.27828369187545365,0.08268619741923523,0.13396339097875148,0.10538754247019057,0.03627239311364558,0.12671060951169683,0.9895967836218684,0.04354820935840634
41,0.9987583693031407,0.6020824551786623,1.000764319257477,0.9978345117206348,0.9873481287213346,0.5991381691108977,0.6812320905196836,0.9704821741769329,1.000864137496316,0.36646786690326016,0.9941318885022195,0.36003078445677406,0.9966131880886571,0.9956832060340428,0.38588022504215147,1.001254481999622,0.4867857460681023,0.34310984434654834,0.15927649593382937,0.9985350822788838,0.43882285876353316,0.24591139725286726,0.9970063020041502,0.28463143961886916,0.23289380008894606,0.1345206236931813,0.13988465189763727,0.1782114105410352
42,1.0011131749173727,1.0021136672201636,1.0007304112497823,0.9982683244470691,0.996784175996899,0.9980991282525168,1.000074965753202,1.0069074695339797,1.0010396611916201,0.9977233451838059,1.0012312314783787,1.0031806009176,0.9971949084825245,1.0031163111651744,0.9950937661984458,1.0023889298824393,0.9917737671673283,1.007401150819526,0.9741425929724483,0.9992463313571331,1.0004260205221167,1.004479500878113,1.0008187825148775,0.9995900462863072,0.9852797103438703,0.6144513943183035,0.9961452417107131,0.9903536817047045
43,0.9869938843807264,0.9882017545811079,0.7242781880008697,0.19716379959072614,0.5783669691907953,0.2884348159702141,0.4692754478248147,0.500469674030291,0.15587571505056713,0.16768898652238595,0.22735617727372096,0.01913596601603336,0.14393896900780195,0.06361341214555334,0.05253609144293642,0.09427310289320324,0.20156882255587671,0.18986846823551135,0.12256997366985625,0.9912190041441626,0.09965402878057432,0.04506141434647256,0.18976746606893644,0.0917908219505675,0.14092869455699578,-0.02127077966427967,0.0709184983593259,-0.05657412260081018
44,0.13800547939115942,0.0673867370349881,0.1642634651951198,0.003357863441449758,0.14881452164536343,-0.0060885576804211375,0.0759473473173203,0.07885994851461009,-0.008908139663518222,0.010507107747595126,0.21811655122546003,0.08850605571327957,0.9825759309832067,0.11559944176043022,0.10402944342030446,0.16788108040648556,0.9929391885372516,0.9678692378029677,0.25948836133149755,0.9871529589296104,0.09114192046952353,0.1314351337958334,0.15682917092977056,0.21261743445326275,0.200516449571636,0.054581937347784625,0.05757603163108885,0.06603967475159635
45,0.9997235304366798,0.9971122598082554,0.9953020767546621,0.9880605250229174,0.9880880324683978,0.4690431565488673,0.7341952339626969,0.6383826445018275,0.27590049873161393,0.24972908455798198,0.20928430147148758,0.08781655380019605,0.08866997203061555,0.08619588855155852,-0.027373629695981345,0.19122866712081268,0.19207264105749228,0.19844739254835908,0.02972163417666339,0.20371669298630068,0.2397379562513181,0.2504094695822606,0.9815218093152478,-0.024520488506723843,0.1174054221140048,0.03062289711637653,0.07221992547341506,-0.046909851651419705
46,0.11355047511757967,0.01858293259458011,0.1489317121343289,-0.0010586024694909484,0.14809154168364588,-0.0037728880990126404,0.0752334109128849,0.00792578604841757,0.05276807229872384,0.055004079044391536,0.13597754442046522,-0.038846812806160105,0.19525918774758705,0.09127556712324514,0.08804799037394653,0.06589128149408705,0.9891102136642602,0.2423339383384248,0.19131658145614483,0.9930532697958545,0.04537274534089364,0.03618645460667449,0.08411029112969982,0.1365050865266348,0.09639988586630648,0.050177444335529994,-0.03257078298379444,-0.022380233229096942
47,1.0027433227672924,0.9971933060788287,0.9984421307418142,0.9924112131654912,1.0035337992103865,0.9893474934624629,0.9909495016074079,0.7528961834109376,0.3969420077681673,0.5529907438580388,0.9988996179619354,0.2885032519214584,0.9955095477140539,0.32567539279648094,0.4108251852803521,0.32379703877037935,0.4692771414307595,0.9998131204627732,0.9938739807957764,1.000854465863538,1.0005785889084575,0.4330110692050939,0.4468890925497134,0.31139813238146186,1.0007337906849159,0.46717754210593143,0.4796577412549919,0.9897447920283498
48,0.9952076798355327,0.9960131147188546,0.9299967579833114,0.3123181972825011,0.9898313872117555,0.9857873764580566,0.5151776147664678,0.9957290047023104,0.35046539739974614,0.2735534162819968,0.26983615637270025,0.9851187391977521,0.5406700604112575,0.990667279845604,0.9898389255968928,0.34106099610959845,0.9962101235937062,0.9958338651158608,0.9976893022237882,0.4029718230388757,0.5379198249242406,0.12379488801193728,0.31947172469232665,0.27972837701998815,0.39098018957221486,0.2024622387689013,0.28351111098449344,0.015119761515794364
49,1.0001235362896725,0.9983450415052935,0.996032951427047,0.3353689021004217,0.9979327736047092,0.9900265582411536,0.7086122047099911,0.7048572984232284,0.2589902358182151,0.30233454996411513,0.38893883579919375,0.12857992661351958,0.22906240010590567,0.3294899986904699,0.3343648595979566,0.9977000421448704,0.38406303591792085,0.9994279883194392,0.9954472847937188,1.0002073590593668,0.47905102387819076,0.18897544691009288,0.3444900309502623,0.11961434103733562,0.17418133518882714,0.18924444324617487,0.9992873128713525,0.2122162146379578
50,1.001326072659252,0.991451626514788,0.9998926722600475,0.9980815035234635,1.000703473879516,0.9960836969951488,1.000238514243367,1.0053442235575822,1.0048721706286485,1.009200148226139,0.9996934187732209,0.9972190528999326,1.001367887989712,1.0039380518548024,0.9961828547600209,1.0015648900754968,1.002114063798827,1.0000716208746319,1.0035752918535068,1.0025268405975516,1.0015361272541543,1.003429756256586,0.9983403694276424,1.0020481591717056,1.0021251610008652,1.0044043317506905,1.0040946589069577,1.0029185442367228
51,1.0007031668235242,0.5375698281866166,0.9968581108930352,0.3745370452616014,0.9935774649758862,0.9821614300126078,0.5605981282740635,0.9949258604440535,0.9842133952233405,0.4290573752661822,0.2747054510775967,0.1865349859977654,0.25013366508270524,0.9891013645913811,0.3989060170313251,0.2917835957030752,0.9929126763409186,0.3370140142045783,0.9855712490781747,0.9994902673409388,0.9878370649980491,0.0448702727062372,0.26023579892266374,0.17368259912227496,0.21037536863035564,0.11543073652126934,0.16433097732062316,0.08185173865064967
52,0.881043600822581,0.5315447704846104,0.9936948056462992,0.49917862885531666,0.997749018399992,0.5092761864824016,0.9991186767113166,0.985641421760262,0.9933924090367104,0.2149778532926158,0.24212582314764047,0.12226881994782246,0.24149974922629702,0.1304246365812439,0.27318331817786023,0.994776313976844,0.34883953639290205,0.9925820653929462,0.17957012751706242,0.9952499327999389,0.20804269148913984,0.997151022789643,0.34396893958856933,0.15614564731372635,0.09817746129375265,0.0018585287781600485,0.07727284169101224,0.2507486756477152
53,1.001610121712948,1.0000351402631362,0.9999677231062893,0.994737245675235,0.9986661366534804,0.9952883500592202,1.0012049814732171,1.001277016281085,0.9907595084583836,0.9888720175247099,1.0058289630344857,0.46521794038818454,0.9958947254954007,0.5401681741299489,0.9924941194741184,1.0031541813831106,0.9974396900600828,1.0038358682763642,0.466016730903585,1.0011310498005181,0.993505289470559,0.9985287287719027,0.5892838087648465,0.9960382365042066,0.996982614561633,0.9988515746376575,0.9889158709277666,0.9970683919591661
54,1.0031692567894528,1.001188748977004,1.0026508390260094,0.9996709532312882,0.9954603616567896,0.5723791712055979,1.0023945918890456,1.0008001522553978,0.38255446256529124,0.2995282195409984,0.1347337242367012,0.1933812785065523,0.24795858867633233,0.13586465268401876,0.2380045082341005,0.237199873439138,0.3544953162772114,0.9949701567692475,0.9957035098807483,0.28746933817572257,0.9910247490437857,0.18816595634650252,0.3509075926383315,-0.012210584459338633,0.17654893277552638,0.0662592606947542,0.2954152552005081,0.08092250581279857
55,1.0026071581629126,0.9941538072534809,1.0033950249353274,1.0025232575475787,0.9987014614894528,0.992170640696371,0.9933447195000277,1.0012494474769098,0.9857218356798915,0.5014143298763342,0.9909100820207366,0.9990790102212818,0.9963893377556006,0.9882260538217456,0.5416508782483661,1.0005386012972197,0.4589221722677067,0.9916275386290989,0.32023266110342075,0.42918979670422697,0.9984644504284284,1.0013736206502704,1.0061967889281307,0.9942506302725971,0.9924640030916417,0.41810697982095013,0.4524635773957133,0.4877821322519674
56,0.9922602145724032,0.3991513891724596,0.9892346581329994,0.2369175626494573,0.6473230564882577,0.3699927907285128,0.38399815642813045,0.5381881749941368,0.3009815088975456,0.16507508029460966,1.0036442699044361,0.9999398652084452,0.9997744442315024,0.9995780748739169,0.998719429709865,0.9924435375044827,0.601307124710156,0.999273919088079,0.9994241350039501,1.0011901740496274,0.9972275928074299,0.030877132393931313,0.352508985748494,0.476303826832908,0.3927036924675057,0.2363938566220507,0.3099490587392824,0.28641292892834236
57,0.9989227410434327,0.4583174185090025,1.0017103534899308,0.4025906883352593,0.9913795460822452,0.36348394001893797,0.993804151430272,0.5588728663956659,0.9902711430092921,0.2943730315470717,1.0006035850273758,0.07252169318969023,0.253276507273938,0.20566065615523493,0.3026231955579537,0.998563387771948,0.9915399368785177,0.3543207590137857,0.20765057816547217,0.9989476942557836,0.27281057888177873,0.199943774961364,0.30960265945262166,0.14248983838719084,0.13034068846548927,0.23840068899836647,0.0657885523347532,0.14825573281529214
58,0.9966221812749784,1.0047433264209633,1.0009077727172817,0.9957590948636175,0.9974177818231833,0.6465254439194122,0.9999897678910945,0.9982900214068922,0.6166588031404654,0.42035423566565977,1.0023238648551036,1.003771526295637,1.003648481923884,1.0037170649366893,1.0015117939187679,1.0040460046227873,1.0022394577679006,1.0022725406225925,1.0047938949379098,1.0019886639280338,0.7013659951953268,1.0035692210776088,1.0054630817119365,0.9942069199698346,1.0052316264358512,0.9988717998610923,1.0061050164111076,0.9977236711716302
59,0.9985536811557059,1.0050406282923092,0.9997894527784816,1.0040139877004597,1.0012360597343988,0.9833665171472288,1.0003102228244032,0.996210370908122,1.0047807590895266,1.009163826357612,1.0011380378592634,1.0053483086822845,1.0014434243698622,1.004069822381912,1.0018245095263967,1.0039342747122104,1.0020527284412286,0.9999838012267769,1.0034749353111312,1.0025082823505809,1.001542274501142,1.0033926934058357,1.0029260846433208,1.000721327948956,1.002072681284061,1.0042301582766409,1.0039526574511624,1.0027974649724656
60,1.004320348868797,0.9968421102297615,1.003394544377856,0.9952392329379516,1.0067707996185922,1.0017020083544972,0.9967602573223364,0.9992422399885363,0.9628231010677442,0.49566954960317666,1.0034076333613842,0.3541064901667409,0.4349653931178703,0.3661648201770391,0.9985529117255301,0.993040419330205,0.9988445020495541,0.9973764922285072,0.46766857760193925,1.0015905256362436,0.9963409562186398,0.31759061917304326,0.46712705131625054,0.29058114144742153,0.9925840768591766,0.9845457751455258,0.3843733708417276,0.29341083994796424
61,0.2809532521446144,0.2662756839332142,0.33682464309555216,0.9854902946559168,0.2860296745303339,0.16554634037457777,0.9740287508436422,0.2517008749632152,0.33564976702982835,0.11228646558471186,0.010875356187166896,0.048174235000762344,0.009990294322869664,-0.19503887710557652,-0.016705272795945234,0.10179497868260359,0.051595964125819196,0.16194926479770055,0.11297056019133607,0.06341102408611107,0.00034285100533838764,0.9883893875590678,0.2654238783752423,-0.027006760393516203,0.014368185856565515,0.012342290051218958,0.053229619394874805,0.14768356744160688
62,0.9988006438802576,1.0025418561041746,0.9997946989257325,0.9982243803417812,1.0011382525259098,1.0031930901552681,1.0002309658253834,1.0040664411162556,1.0046339995534268,0.9979062228049491,1.0008580084488876,1.0053795740799858,1.0013547617724867,0.9976612047571152,1.0008005078759277,0.9975661318320845,1.0006545552925228,1.0001949736061244,1.0018292963255762,1.0026074509745961,0.9998991772877068,0.9960212950383305,0.9982854296698581,1.0006719276188685,1.0005414946773201,0.9972502947258555,1.0018892854138917,1.0007985629746239
63,1.0001348603488633,0.617525264821242,1.0006786095064615,0.4365848571290923,0.9973988164161469,0.999584594929706,0.9978503702193036,0.9945453446722538,0.5148702633976623,1.000511600091202,1.000295180406585,0.3868496883198579,0.4302132376755637,0.2303602514192247,0.5715140991010488,0.9984955035701555,0.5564134793506667,0.9932197402540254,0.9971147195864936,1.0016477492351088,1.0017374992794392,0.20691160833535893,0.4267882994779039,0.9928131721256053,0.4517905253452349,0.9973838506291688,0.5124842904373067,0.4614861524635654
64,0.12392723399523545,0.04741436942297263,0.18914783889500741,0.10472230013448283,0.1352246695778119,0.011735947808634515,0.21073569881675602,-0.05381951429363148,0.1574087142498542,-0.04627031218077133,0.0774253153918834,0.022407185092199123,0.27770984800282095,0.0964979836680209,0.188461057506675,0.9896198588836069,0.993451714419052,0.9931304986132306,0.1752344334912894,0.23794317869711729,0.11846912740222029,0.9923544666981436,0.3363112651940102,0.23522613665992503,0.13615474468000782,0.009184618695710592,0.0906438416409554,0.25977111922749
65,0.14086045148516446,0.15127256475349393,0.14094978370130537,0.005756782113267897,0.10220608864867117,0.032450614612958575,0.11705560430640014,0.029384122300692456,0.08740155181761432,0.10502957980875338,0.9917774140251101,0.2732266180042299,0.9957608508481731,0.18704405415897438,0.21763912840166458,0.13075844810821385,0.9956887322196583,0.46349797323576736,0.11490692879949406,0.3455337180316932,0.16256735473942546,0.9929062731836671,0.39076298831404815,0.9922366341935023,0.9951884587349858,0.41106296868554226,0.16497961112299314,0.4145927759732342
66,0.09484189237571083,0.08021216593163946,0.0966876714764742,-0.11607509989872239,0.014530232729526787,-0.004090930166033804,-0.116025969319774,0.13995016883915828,0.0816591119854282,0.1422382270357163,0.2302690187164535,0.293654796280099,0.9908615768820388,0.9793466352086375,0.11017872679115301,0.1273381989910119,0.987770359508312,0.29661912205753205,0.17364109754646598,0.19778175933982284,0.19198214244157907,0.058360357777309704,0.22484851255602922,0.9769430795076581,0.2820847950812462,0.05828534916438602,0.1925630285306632,0.18906814881958228
67,0.033358121791208194,0.013643987333975992,0.07003222458338745,0.02118010060452799,-0.035851575122162437,-0.04379785273444754,0.06752472624013535,-0.06840726916095502,0.10434498618458654,0.08110487012804353,0.13088318329145354,0.15016016647461186,0.16132144319217365,0.06623207946590985,0.09557130836870822,0.17718319408928568,0.16021465520221928,0.9852849513374005,0.03920897936249472,0.15122715380164992,0.16359610208774922,0.975259352770002,0.2520111697869766,0.9720872133293548,0.2713336768224988,0.08210582390976318,0.3433574662070497,0.9743080602001972
68,0.15021571674262954,0.015972575811040585,0.19594390472411113,0.029648546203673833,0.11774792523727477,-0.029192548383921865,0.11014624226819497,-0.041449151734923875,0.0791655777931237,-0.026292452906812366,0.09328463925482602,0.021986464179895977,0.2643476495058519,0.15965692396695572,0.1810293305252813,0.9888604008179632,0.9939597592856176,0.9962180276927739,0.18476588717442527,0.2249069513899476,0.17728474673359557,0.13520770065780058,0.19951179789742124,0.14079582795332307,0.09842683894838677,0.04453283975935991,0.11133638937756776,0.12968665071516583
69,0.09513911810324774,0.021194917805754953,0.09088769093638106,0.02132954535941174,0.04418150062556392,0.012826224737532307,0.11509042393980018,0.02503374775458851,0.04239131850936784,0.023429705174466617,0.006301671947664653,0.031125007833608775,0.18320020815831892,0.134112768606651,0.06696636250032473,0.009938802366466604,0.9907099512750324,0.22644793484001133,0.9887513103876753,0.15679803743030118,0.1456344667620847,0.012134734935956985,0.022431097166468857,0.03322918764006291,0.06080307772281687,0.11043923075138845,0.05329647624290361,-0.019684686661267742
70,0.11997519751748709,0.021985197767954545,0.07339072517402737,0.012157470441332835,-0.019308073510185726,0.04659080900473349,-0.007372738552816012,0.1155507416180113,0.06759806382173444,0.12567536220541894,0.992886654797687,0.9946638319720256,0.9931792996881241,0.10539753086549167,0.36116205482573893,0.09614372646577883,0.21706059468363031,0.18634586080258073,0.12984005494156148,0.16580014376373936,0.16541758748069507,0.05600713810516183,0.20971958474883842,0.9849712482424047,0.4460422849587339,0.9876483210362177,0.28846232077312167,0.22539921020325115
71,-0.01456435693106066,-0.02574865601631275,6.666700433165251e-05,0.08265983975850012,0.005335952641701513,-0.0034597407918395343,0.10065883318540349,-0.0949974871542804,0.13432213041784435,0.06367541058901831,0.058549535515685196,-0.014546394913909647,0.01779781340115017,0.003036292362264662,0.07814448963630267,0.10458404264091402,-0.029497705416286078,0.26430009158931106,0.013396838869165623,0.03792299015541101,0.03936995543013439,0.9885271218180008,0.14512320119956915,0.2861158956792714,0.17258727132359478,0.033065232034007803,0.1755312421356935,0.9788575955446038
72,0.12071918559366354,0.1275354359772745,0.1590160009917458,0.15133054785992262,0.14630783850620413,0.0418259046494112,0.1955326101040955,-0.03163961955705278,0.07011857179929853,-0.06152894421582451,0.061121946382113,0.03411871941798076,0.3087327389602731,0.045247480876195165,0.03645576839157562,0.23123348148020323,0.9951919108777785,0.9912809386431451,0.1571860959339524,0.22006018934939836,0.16630066495935905,0.995790684771515,0.9898046752607399,0.32703247034217764,0.18451277706837058,0.023484988294417683,0.12452887282748222,0.19635123694160408
73,0.1304058686259133,0.04394917179404354,0.18788709881162902,0.009544835085490061,0.15485373914371367,-0.00719023224598099,0.0945637020854143,-0.009614534274909402,0.03582998276538352,-0.005841048087037105,0.098396467663853,0.0012940144220199333,0.2994970753021681,0.05137118886011352,0.1442186450263857,0.1782200633140861,0.9943611521524987,0.997608063541868,0.24743912485041314,0.9916058109006621,0.13006413219578172,0.12634246349883016,0.14237501196810232,0.2048809372372893,0.15584525971133872,0.026909123506294135,0.06853934255396837,0.08816567395129081
74,0.0,0.0,0.0,0.0,0.0,0.0,0.0,0.0,0.0,0.0,0.0,0.0,0.0,0.0,0.0,0.0,0.0,0.0,0.0,0.0,0.0,0.0,0.0,0.0,0.0,0.0,0.0,0.0
75,0.17173401641824734,0.06412428874482698,0.13735859790761656,0.02177340200343998,0.10891635075638284,0.10905342506962232,0.08552942446381392,0.012785175851316583,0.17805374361900395,0.11136041677165844,0.16538885111104723,0.20984596154306676,0.21491021875343047,0.9957513081966474,0.4491526510663016,0.9945739086398935,0.3079498124675911,0.997005660364841,0.9805205820001248,0.1445186138539626,0.9921778223367825,0.11525595039475567,0.24533012887294017,0.4142071390601959,0.2697994919866702,0.10118276000474638,0.9984590731745036,0.9927377268806381
76,0.15149293824977275,0.06266147835799438,0.17804446621507236,-0.023310232652687665,0.17298580972667915,0.07360058430056414,-0.031941779164587986,0.1344405035930668,0.09532852773528797,0.018309106925061127,0.3173950190695938,0.3276285252807306,0.9948131138332175,0.9867634982369247,0.9824260190193208,0.993917468967692,0.9967924153866314,0.995686703122078,0.29301134899381415,0.29898104469063974,0.33336965254259715,0.09094056596523464,0.1962219264976356,0.22724742012670163,0.28271596554830986,0.09941910804126437,0.18823244605044265,0.21082562270230226
77,0.03581201796062785,0.03415728222964817,0.06822856963179924,0.013266301073862195,0.025835915122324554,-0.005977995262364195,0.03395862706999807,-0.021889943406790093,-0.014217485278346674,-0.07078150952873266,-0.03245355197108786,0.04502598476883572,0.15832500466205912,-0.03717881293500584,0.08113370778232415,0.1500078970184751,0.15043858295630305,0.9858109378551431,0.09725986619854218,0.10530536019281127,0.11345018935033806,0.11815170863299135,0.08522787192302955,0.10437147840467478,0.08767641803289855,-0.02176343341100409,0.12384402379315411,0.13576458729311328
78,0.0,0.0,0.0,0.0,0.0,0.0,0.0,0.0,0.0,0.0,0.0,0.0,0.0,0.0,0.0,0.0,0.0,0.0,0.0,0.0,0.0,0.0,0.0,0.0,0.0,0.0,0.0,0.0
79,0.12567266326500204,0.06831162424013965,0.09770899551604804,0.003999214541162845,0.10702561287600777,0.10630272755363275,0.11458870222092443,0.024699919769552367,0.06493643569596153,0.0309618232607601,0.9874033516951372,0.2250578316507652,0.1281923461662659,0.24943861530069006,0.9857752045058926,0.9874731780571262,0.05596428908633724,0.3261990145514156,0.09165958804364423,0.17459504097671447,0.35761127100385925,0.03276580333065329,0.14949455247755059,0.24295160093929685,0.11869242245623601,0.3599213745755975,0.9842403098305343,0.3483313229110697
80,0.17729755323864593,0.14047772565493036,0.18759531443496455,0.13925034669083441,0.1349734425836196,0.04488218021858466,0.1282115800292319,0.1383986204536728,0.04044084372067622,0.0401222710410096,0.40109706827988667,0.9885529541851915,0.999301029591324,0.21828888753353695,0.18692040452408867,0.23467705169791295,0.36921097061068453,0.9956552798800486,0.14377458903103876,0.9962231782048963,0.1901776123385716,0.9908435115853285,0.9936542476478101,0.9974270150305906,0.3403269096830653,0.16262411847260794,0.21261055251690653,0.2840588858781737
81,0.14092770967185625,0.10993226320517338,0.11899751506442222,-0.006590976782955435,0.16548411809882463,0.02012828593122002,0.031027809410630623,0.07001125914431987,-0.07022270078108922,0.009023682871985537,0.27974077477765524,0.19497821773378868,0.9977963518152257,0.1451967760355861,0.1604873003573233,0.1341828019876778,0.39118707340469483,0.9924973000911801,0.16615490387630077,0.9900062793137997,0.13503806949393976,0.17576454082488183,0.1436783166142926,0.259334993798537,0.9867965374323646,0.23123987906454102,0.08213886332012543,0.22531493475324327
82,0.10896131831233392,0.08902700357060252,0.07317087292341656,0.0381125239740589,0.04660476343766577,0.06395052344725118,0.08828737270921366,0.024047816699662078,-0.0019523142084934553,-0.006411621777053976,0.11632037444285646,0.09465240677170408,0.10108956674515675,0.1339313402117201,0.20817245008883506,0.1995095925651093,0.14359008109184576,0.9862268174525,0.26239290138154425,0.06471721099983489,0.9861493852353616,0.03858076934289624,0.21333414269698237,0.2956397454397227,0.14604152070277843,0.11669826134463514,0.9885256684526569,0.33668800927046394
83,0.0,0.0,0.0,0.0,0.0,0.0,0.0,0.0,0.0,0.0,0.0,0.0,0.0,0.0,0.0,0.0,0.0,0.0,0.0,0.0,0.0,0.0,0.0,0.0,0.0,0.0,0.0,0.0
84,0.06053537790213536,0.016037454404576382,0.0800514028709094,-0.0006769535257604231,0.11661351208909143,0.025047801923082324,0.04198643364521469,0.02127199262913807,0.018099733284155754,0.050903413482406096,0.12660237733842278,-0.004102052652608721,0.06584353099956854,0.012622966152271244,0.0719814083795046,0.04283490931995269,0.12866299388749802,0.11557833151716015,0.05847278564301162,0.9846163800467282,0.009308932247385979,0.028030054221157202,0.025050433014481937,0.06054668870614243,0.04571054402333706,-0.0012673806559240289,-0.023382672822351288,0.011994047498577479
85,0.05476772488229968,0.06379295810074462,0.053530844619312824,0.006116673619174002,0.028117105163655634,-0.007261485007990339,0.018447614509236925,0.08218495422498856,-0.0627135201346092,-0.05016587704328656,0.1159118163728373,0.14532537903320863,0.9933131229987426,0.04865804201800003,0.04015986730943009,0.1456510881913995,0.2634220443924654,0.9924321039758606,0.13257711032638392,0.14583106971388596,0.07444128958678312,0.128992435987625,0.11262570550778547,0.12780306586906542,0.15094420170766065,0.016965077226367413,0.11135092809888736,0.10867675965017032
86,0.9959672640713202,0.43436834913381206,0.9977809516626854,0.246407044959999,0.9886570605403181,0.3357135703780834,0.6240153831776304,0.47928965693202696,0.24363671510919016,0.15347403199729623,0.2633044230474423,0.10645548597044137,0.2943814320990413,0.24037536789059338,0.2873285762769264,0.9912052839584192,0.9989780056842994,0.9997843040812004,0.9967447313995066,1.0019973960802115,0.37026886762516775,0.14027095229319464,0.2719680692354731,0.03362668223383197,0.17801373134206466,0.09859365256989522,0.11364707839411053,0.11803484509591397
87,1.0047371940775542,0.9984234051192703,1.0002541591692784,1.0017140740895565,1.0013896559357183,1.0000715463438354,0.9990457943150084,0.9970390213953233,0.9927219117341438,0.9845966424715005,1.0016217223158908,1.0055118818484137,0.9982780965730245,0.9895448742856461,1.001803460147718,0.9977247968581952,1.0006937832518168,1.0003187047836497,1.0034672289583277,1.002856933800572,0.9999813974804095,0.9964523609469893,1.0013444971200431,1.0003315802854897,0.9927458962842152,0.9883561574505698,0.9707933202131058,0.9975856481939362
88,0.9992921118900775,0.9934094010497383,0.9933177305245466,0.33860315455719936,1.0061641082483141,0.9867831992018253,0.5070532836139385,0.966985532519764,0.3784231088955017,0.4060738996486677,0.9980081898200063,0.3150226279584315,0.33918034471234226,0.9972596052619704,0.9937329444234042,0.9959616505637676,0.34864492119701884,0.4062636312192745,0.23129599330590622,0.9967291849930138,0.985322542474766,0.1406922798667569,0.998303770560465,0.3045641410112028,0.2987193419375382,0.157610881060243,0.3073657861145819,0.11928572437098472
89,0.2518792332803336,0.09443785013658937,0.2808022150791097,0.03556723790825623,0.18705771512152852,-0.014140778005638338,0.12110485763295811,0.01108229766775752,0.07161698203778545,0.12517075518722626,0.3886071099755507,0.19046542005742892,0.3276654537130528,0.31388644458349213,0.12533121126476746,0.9933170502732453,0.9976456133159863,0.9975020224480176,0.09187996412031162,0.9905709480658486,0.3038514491941988,0.3546384335762439,0.9923047322409497,0.9913215939530768,0.2189561850737762,0.14530132165237228,0.2633016270239155,0.27522461178478874
90,0.9911462967712936,1.0017657301912593,0.8528076366148971,0.28516033369816507,0.9841874457120395,0.4041590140551015,0.9969642373939667,0.6501028571691767,0.17844368650491932,0.20146647399093237,0.9950865365365076,0.1663149315516681,0.9964246296013866,0.09066964599346637,0.2529603557703369,0.3421237554689002,0.4101297304326582,1.000370406404387,0.29919278378971875,1.0007675656966448,0.3532948925751043,0.19365111945011187,0.4136611264280471,0.3102723501424428,0.3047792519017553,0.22675193793920273,0.9937915755983053,0.2554987915067151
91,0.22557379870543698,0.2128845450639724,0.22037357399286958,0.05308696642242756,0.2226860469959033,0.12002509975728086,0.169995882310239,0.11098392635806459,0.17080618956580568,0.07873370439461604,0.41587672864342773,0.29413754299332795,0.9976928749353934,0.9947668097811248,0.2927727937780129,0.9987889310362521,1.0014040330642793,1.0035743657888623,0.26180578692660367,0.9952522534986914,0.3890293168364616,0.99408188303506,1.0017472368736726,0.9958917119207003,0.3498447125156635,0.09721470189174575,0.994219381478782,0.5241278998844681
92,0.9943789767026627,0.5845829204826217,1.0030303508339427,0.9837473085443518,0.9944781048794897,0.5864447505367202,0.5944286283269817,0.6271472178951394,0.5313048157607733,0.9856312844929858,0.9982919430112883,0.998199817969095,0.43015273308539254,0.9922899123053597,0.5553556429595248,0.9993332706227971,0.39645196183006615,0.3360557128578567,0.21892582820955692,0.9879966212723222,0.993177710022831,0.1675086451234864,0.9951607053362679,0.9952644210800468,0.3714236837226687,0.2638619712214212,0.26856451245359925,0.39518830996570276
93,1.001765196817527,1.0042692519977483,1.0027021954271618,1.0028456786607634,1.0071554356143846,1.0027692757858035,0.9957730801967366,1.002440590737676,0.4913160396346369,0.4154226696327114,0.998947665016005,0.42880733480534616,1.0028745933202283,0.9928983095200078,0.5317921001399483,1.0026300660985346,0.609243556903054,0.998343507410165,0.9995764030260066,1.0023374798026476,0.6346878230199463,0.36304169936422703,0.9990419945470757,0.32189052408904667,0.9937237688085147,0.3368044420332484,0.3722016353032227,0.27340953129593504
94,0.9987136907736847,0.9985830083834883,0.9997747217558914,0.9981202228839989,1.001334556682266,1.0046672416603297,0.998971467533188,0.9967541414420263,0.9993033769090212,0.9979457377019145,1.0000954605138221,0.9973552384984492,0.9981142057919385,1.0018732209492724,1.0007135518906531,1.0016472153916798,1.000706880433673,1.0001804180408724,0.9990791578880537,0.9977093349204036,0.9999927101855445,0.9960132003403374,0.9984029714142911,1.0007768706894875,1.0006036924882529,0.9971609941185378,0.9981538520818061,1.0009169233509165
95,0.996468732413019,0.9986589306087602,1.0026415018601555,1.0005849997217682,1.0004450419493573,1.0010890896355893,1.0034634746316413,1.0022868459293854,0.5852908654949287,1.0039349208530464,1.0007535856965144,1.0005078470979833,0.5076495204749976,0.5171130547940384,1.0015144946920695,1.001541564146803,0.9960395538787719,0.7221256119086644,0.4581681321321588,1.0027075817372226,1.0013457438772049,0.9975512185125477,1.0057195751439718,0.9976281842600709,0.38987541779690893,0.49279026969394707,1.001315616680162,0.46524504872793204
96,0.9978769085050196,0.5803609915084087,0.9617319763674477,0.37500276395887855,0.993770909749947,0.33382993304558695,0.9876748121423156,0.5426614957996159,0.20839162016615995,0.22628401907378073,1.0019551093281982,0.2555983310048902,0.9909518584328438,0.2500334327549379,0.2295029026929138,0.9956030869494312,0.49793170997446384,0.5807289307828492,0.12326635872082219,0.9966410067022209,0.3315120864895682,0.331218734830518,0.9891320016875024,0.25317966084057464,0.9839605217900078,0.3672308075565518,0.1446724499808433,0.22422191404177128
97,0.9848505506819911,0.4278424503189291,0.6574293126660291,0.19156165846611875,0.4579728183962744,0.33047597134781787,0.406448107982057,0.9860836588754981,0.2015239932297116,0.09628097047182724,0.17420418165957535,0.1859972620920844,0.9854432262804024,0.12271555216485788,0.04143180431071139,0.07592727470204354,0.19858780935624692,0.16827115251088476,0.13723825557088168,0.14390614966039092,0.08885951692880027,-0.006951616839564513,0.11784753899873765,0.09350110476645834,0.10454103085954522,0.052163817647473944,0.04217589077471458,-0.0775629150914589
98,1.0000669284528672,0.9988816935071612,0.9987486817181155,0.9994871338200633,0.9925106664021159,0.6071486207915038,0.7473607567490379,0.7246277649083988,0.3996886269769083,0.9838257694974182,0.998067981818945,0.2309789924226484,0.9925076800152832,0.2937384679371716,0.29427658056849915,0.9949879769444698,0.32450304832007765,0.37289295364669184,0.2014645796164635,0.3778632559091729,0.9944554987245247,0.0900109344602019,0.47971432776996814,0.22442319207005618,0.23407627755943464,0.2033511593542956,0.17641073917517758,0.2284380192156426
99,1.0000297242472724,0.6600598774470019,1.0038180815452655,0.9995699887368363,1.0027521124915595,1.003799314585204,1.0016587071703573,0.9885419316549524,1.0011376570536066,0.9909113045168252,0.9940447077982235,0.2273916247421281,0.4707985916196785,0.3456965337280501,0.4325310503478566,1.0055528721672895,0.997083314970553,0.9923660605821889,0.9960216963307716,1.0010724326742002,1.0008529800488142,0.33895313437364794,0.9942793833195852,0.358073635727955,0.2047604190583647,0.34977530082672625,0.29183852361501067,0.3020605561263964
100,1.0005772301292843,0.9810953446752892,1.0047423171941006,0.9967013914837446,0.9899673949182783,0.46786078420650656,0.9938327003704939,0.7584178571969276,0.4490815447373788,0.31291077172494464,0.36148592667316004,0.9905839708069466,0.9993532588191651,0.9980428679669113,0.4903352445980107,0.9976417927664769,0.9961254788756826,0.9967752971168289,1.00003889026505,0.38172726847299304,0.9935357192076216,0.19933179800573708,0.5441029582340434,0.25664354152536095,0.36766220993805865,0.1351228096620421,0.3317892365678194,0.13276534430931408
101,0.9981270571653413,0.5197060521771579,0.9998447778284791,1.0000631672140066,0.9950228253949926,0.5302132891586817,1.0011749798446306,0.5711036103188611,0.9984973160577255,0.32793101819574744,1.0005504651015698,0.2961665286191101,0.2448808355315348,0.14906375055790588,0.4726809027312988,1.0017149694363328,0.4822255497446355,0.9928251674434764,0.32879777928303966,0.9984084267206452,0.996725011224021,0.31983428610338627,0.9924816276336355,0.3893185938683116,0.3880508718535981,0.9842815043647842,0.9927557718301632,0.4770384422647354
102,0.999670339457217,1.0014380112392784,0.9925880705234091,0.210909811852427,0.9962369344416163,0.522432275021636,0.5022740013883743,0.9811927241864827,0.3009813352283408,0.3587336171485619,0.9928154425348796,0.369331741040733,0.9955308219555935,0.9882198193537128,0.3408485018408115,0.29537687813610547,0.9995585118243118,0.4375854942250502,0.19005128777219016,1.0030364740680606,0.46213101491431785,0.20230515053498505,0.9964209583353725,0.991408411863381,0.9943846381953838,0.2726557374454985,0.24740171001246583,0.19748982201305715
103,1.000970444843622,1.0026928493944096,0.9988026469725538,1.0047204140285242,1.0003659378757908,1.0035792553701242,1.0020605122896844,1.006334642705657,1.0022478075259529,1.0092607384504422,1.004285964557547,0.9992191574234858,1.0007224310831901,0.6492657505832939,0.9999276187804609,0.986954662389766,1.001860368270588,1.0026773394647712,1.0003873570341566,0.99264257889859,1.0015624321099428,1.0054742295406962,1.000804810225466,0.9992475010910917,0.9998100265541222,1.0047055109131382,1.002971644014024,1.0008129451191567
104,1.001451941450991,0.6695134313930176,0.9971781325176539,0.3992639537859275,0.9982674093977346,0.9971423019695957,0.9967138984213844,0.9981995999866843,0.38169499573539356,0.3890371896446613,0.9942734765519143,0.13438547672521106,0.22537186759503408,0.18457366900574673,0.4068619156125753,0.2844325501341493,0.2231576286125539,0.3503771499939778,0.34774010876406247,0.995129566336142,0.9953320867047384,0.07338498755563837,0.36052021690726416,0.29321195974830994,0.1794982518930343,0.2972986447211115,0.9940529951442083,0.2070565222187821
105,0.9982887257048143,0.9915377275367493,0.994784057020871,0.9895545058505025,0.9943183391867123,0.9951289435435541,1.0019603832128186,0.9994529639908776,0.4761896529455033,0.35051682970551795,1.0030989910712014,1.0037519211834538,0.9830368597370931,0.3091762756763969,0.9959508917242215,0.9987161968242733,0.33826333205600273,0.9934909017580431,0.42944433125773074,0.3489482836365547,0.997252940443568,0.9935469178799983,0.9997312998714837,0.4972678663249681,0.5335343611768766,0.99157554947615,0.9873880272415,0.38975076355938504
106,0.8987823967069176,0.5602138042313897,0.9905652088485832,0.3484588024156736,0.9962528478199315,0.3906769292892325,0.9799589538793037,0.9624751115397892,0.2874377080936371,0.24014159977390112,0.3408570820090616,0.10778146450299024,0.992753351922546,0.1481564724096585,0.09784665098798853,0.18549771130883036,0.9934967042942582,0.40440230723251264,0.295772704393683,0.9966646239259851,0.12059077743590095,0.13722615844696628,0.22441901784874246,0.08074337240056505,0.15816633430841281,0.06923264078499938,-0.007131072345816981,-0.08598165902465396
107,1.0031072348333945,0.998358144286682,0.9994427811136335,1.0008529275440559,0.9929361793521396,0.9894667035126922,0.8158340222500703,1.0044986349818612,0.9967036388650818,0.47406083373014946,0.99827184510064,0.2146587380152063,0.40707690466676477,0.1426113617801242,0.3461046045361683,0.26272292399333913,0.9947268554247926,0.2517837824224397,0.28512595939647717,0.9972382030467523,0.355744115766573,0.281495247520697,0.9908188056046153,0.30334183952040855,0.38478244711853754,0.9908062891288815,0.226401680672626,0.034087621085430606
108,0.13864248353626152,0.062257688700731506,0.11416580033484433,-0.0015280997742314756,0.07835869076780486,0.08645158732666132,0.0877319380782733,-0.007545826381812502,0.17223463634965425,0.06435234217915445,0.11186251184607186,0.19913280176553516,0.2524400540568737,0.9928384402027906,0.40516340868016987,0.9901120098062137,0.3081585712106851,0.9960971512846857,0.9978590226681061,0.15010847441552683,0.5071951319699827,0.1501097075602505,0.1919336404374195,0.3948549752581766,0.24545132997436925,0.08615579440528422,0.9987192398620947,0.9941424170104682
109,1.0038417690176296,0.9907860970238991,1.0048549659033497,0.998175098143735,1.0088951979098377,0.9992395608539363,0.9932494755552073,1.0079217179809794,1.0051951323722883,0.4776522336403765,0.2937463396288648,0.17947315498893512,0.20108724063690336,0.9864544701082563,0.33705998966188544,0.9897299062119561,0.3020869068042953,0.25265252509406383,0.25412549400975015,0.9927117086863404,0.335474452772724,0.22393777280913446,0.3728484747463749,0.039286030536138765,0.13206432042921595,-0.0068541680994461335,0.15946710045847934,0.07423642075608126
110,1.0007299434703631,0.995527736181194,1.000228321185707,1.000602626334505,0.9991011066934856,0.9990179007614752,1.00378393180728,0.9974548474357305,1.0017853193701498,1.0088327350087383,1.002326803756072,0.9918634299179785,0.9995254775790936,0.5004703474137382,0.6184268529126522,1.0041214577782738,0.999657588691242,1.000814594822478,1.0019929020141065,0.9976616235189435,0.9964458977478945,0.9979363865363546,1.0011581716563955,1.0002447206146756,0.5845987843225252,0.9976406699534883,0.9989848308374447,0.9916807569740193
111,0.05926469080205272,0.03785098256276615,0.08951817993476424,-0.06178576678940809,-0.055469459095354015,-0.05858068494717392,-0.02233264133068593,0.004949305888645177,-0.002061281672624163,0.04992137352322261,0.11787191725715276,0.20904583063298093,0.18602216794047835,0.09264835696912428,0.04482961551784548,0.12198605466473096,0.23326213319049577,0.9929572869841673,0.03547611767059082,0.15548799412714107,0.17808159731899603,0.21546696083411038,0.17008612476506224,0.9822559084001004,0.18027803835089215,0.08065630465079773,0.27683726018534527,0.3062522141806536
112,0.998684064193952,0.9985985444614416,0.9992983281449739,0.9981241616777763,1.0007902029060984,1.003157813296121,0.9990326162499641,1.001397773335651,0.9993900981625862,0.9978991414242862,1.0000977663580897,0.9973845453964714,0.9981316894907484,0.9972869643504548,1.000801674121211,1.0040503988970348,0.9985107744456831,1.0001076906115545,0.9990539565995389,1.0007095087343827,1.0008929826969928,0.995970365935354,1.0011645500572774,1.0008418635006917,0.9978823976050198,1.0045366713643467,0.9981559771514893,0.9980141967294042
113,1.0013516685736252,0.9986919827536522,0.9995201641833718,1.0039363522858487,1.0010439318334408,1.0004386812433008,0.9977751240674029,0.9967539848488371,0.99929517166569,0.99767797090719,1.0000203961813834,0.9973677280329117,1.0002097821197675,0.9971904241716889,0.998917209246725,0.9898646856490425,1.0007561009572146,1.0000777244059658,0.9990848420450785,1.0007953512032794,1.000001144291581,1.0035852431998644,1.0012509889940675,1.000876321444422,1.0023065841712397,0.9971063397449427,0.9980234802088519,0.998123373908488
114,1.0010766796844748,0.5424784243507907,1.0032708732322446,0.9987610961189317,0.9900523487804259,0.4937769440925971,0.9965509335015015,0.9837162699728033,0.9945318337729976,0.46592234671309574,1.0087400049966473,0.98880194275908,0.9967102317272205,0.6253960215815856,0.984561582552608,1.000946394292748,0.9970722303063583,1.0094318068310153,0.37403917511705453,1.0042720630785231,0.9962917603093577,1.0082604198787737,1.0011058327386746,0.9922029335289413,0.9829243545088502,0.5952166915677761,0.42463474258856637,0.9925965112391526
115,0.9948077228884203,0.6418380609840123,1.0009170185128977,0.9958833673639644,0.9913253660414245,0.9494112269980179,0.7171474450979332,0.9873763690061091,0.4017312296779735,0.3390023438393316,0.9945245270309525,0.2746954348079981,0.9992838571524318,0.20100347403038207,0.3447433583605356,0.9951022297669259,0.4014077882475852,0.996794345537276,0.17960790312845273,1.0004992323243622,0.4092926920450541,0.35164755204129083,0.9977021547913165,0.17924017030279227,0.2241944126043138,0.222225181122709,0.20544575439314328,0.11680109053007112
116,1.0028917062980887,1.0027205224902227,1.0041335482042761,0.9988566350574467,0.9991425937304255,1.0009916593179449,0.9989942540794605,1.0066322721197771,0.9948001534806444,0.995164895717473,1.0000660636039007,0.32029531355018903,0.9930100023949928,0.441942740507831,0.25134056122704107,0.38891125814257177,0.9991757501660734,0.9995367368272542,0.3991136572153906,1.001166771533061,0.9955093738306589,0.41327054400693736,0.9989241094377395,0.9958448578339572,0.3416182018133166,0.4250046103214674,0.9964930311403692,0.4385328706343562
117,0.03581201796062785,0.03415728222964817,0.06822856963179924,0.013266301073862195,0.025835915122324554,-0.005977995262364195,0.03395862706999807,-0.021889943406790093,-0.014217485278346674,-0.07078150952873266,-0.03245355197108786,0.04502598476883572,0.15832500466205912,-0.03717881293500584,0.08113370778232415,0.1500078970184751,0.15043858295630305,0.9858109378551431,0.09725986619854218,0.10530536019281127,0.11345018935033806,0.11815170863299135,0.08522787192302955,0.10437147840467478,0.08767641803289855,-0.02176343341100409,0.12384402379315411,0.13576458729311328
118,0.29570294897689203,0.19579144429687503,0.23319782008884166,0.15722374363196437,0.22973222034638033,0.24070109942950177,0.2120453180598904,0.13374986916820128,0.23803711924895837,0.1010390384326591,0.9694211464502247,1.0012425960333324,1.0004881897535585,0.9827132761952134,0.9948339119725585,0.9984316299786957,0.9761908946820288,0.9967658103201427,0.98983168463028,0.35256779585803755,0.9990582016319369,0.9957486892952274,0.9698985981304966,0.9988907996853553,0.9755366278195468,0.950363687159744,0.9986787052984969,0.6495898514729572
119,0.11650350876269736,0.045974157502076715,0.11492040182456839,0.024826267744917918,0.08132858366244378,-0.005437012714433061,0.06251487136034165,0.07155165757723565,-0.006847144638080966,-0.02353844832234777,0.21797867511165062,0.16381660659763922,0.9934405567560678,0.16421306782225786,0.128226666059103,0.9870321735670666,0.26868128727634677,0.9947114747116157,0.09609769203185943,0.17212607309660513,0.11678125827028861,0.15090812337883344,0.17842315803760372,0.09683977195816303,0.11881629293365539,0.03049335433920293,0.12639268136486898,0.153108771654398
120,1.0003944221112513,1.0004548196089187,1.0042245357063786,0.9918066521652417,0.9987863492878195,1.0026622337186641,0.7605738856868909,0.9920459155953532,1.0000718128121364,1.001175014556141,0.996552409091922,0.9878581469211457,0.6565027591854009,1.0062144913985867,0.6548536108198031,1.0014202319568917,0.9992032366661485,0.9934330110490683,0.44466080056180657,0.9999672662478376,0.9996854760593021,0.32034301346291716,0.9902993260957244,1.001333076217203,0.9952737785421331,0.5553186827875112,0.9957345588876205,0.5228701403371683
121,0.9920954100565413,0.426399214969278,0.9812387475200266,0.9932019729062378,0.6197859006822191,0.4680425386271418,0.5559801434906997,0.9492773760971771,0.4084449633587418,0.21319879099913464,0.3159993578729039,0.9808737934049323,0.15230772949129662,0.3050736240547092,0.9861518692344085,0.2542884002384732,0.12045454691466174,0.30263731997679566,0.3070953400515145,0.16982000146154816,0.9819022885468096,0.04584657839960603,0.21589940008869452,0.1764200753080667,0.1802558664207869,0.2551325417715242,0.15676524272748785,0.05001911693215794
122,0.10007221607248132,0.05991117834187444,0.1143452940808779,0.004914413179019845,0.06272833101587781,-0.02935956570813729,0.048935310839686726,0.06323732753242516,-0.023482148714173597,-0.03569859868405073,0.12256223003504793,0.09761872896016491,0.9980485146070168,0.11340222057146902,0.05543863772822751,0.15183924153362832,0.9968392286040596,0.9925003615422912,0.2381921873005068,0.22419577474239102,0.09741746911527047,0.12297226335902886,0.1530304452766917,0.18429936796883828,0.18149425097292599,0.06012825005753112,0.0874920627852885,0.06615713948467354
123,1.0012320721828774,1.0024438908110562,0.999474382604746,1.0016568503396712,1.0009000931709562,0.9820814760276886,0.9943740107519279,0.9837469122707447,0.9991064793774502,1.0046456358537057,1.0013548402463421,0.9974151277441317,0.9982236502925842,0.997118725914913,0.9987240858195459,1.0015581787772176,0.9986248472636305,0.9999834108039484,0.9989670184965853,1.0007854463220467,1.0016711413822401,0.995753978341228,0.9984969361317055,1.0006564768378317,1.000452343146351,0.9968442673112237,0.9977433839589447,0.9982724488931918
124,0.17148809981447116,0.07153478093941049,0.17550975210589703,0.006922493406038555,0.2016512829046411,0.05824892534974185,0.10593834541947736,0.08488280867478891,0.052062689007846816,0.10092291476699097,0.9529124612449226,0.1622082736324556,0.9938174209804613,0.1685633669775808,0.2644718827639415,0.9929249048396325,0.27841869682728343,0.3677285863418471,0.06144481390127419,0.9955343362762323,0.1152264410592518,0.07891323420343144,0.20186576575759207,0.17948671760572216,0.14147485112711466,0.1486302838406415,0.07010192601929666,0.1281512233682329
125,0.15979117974533438,0.04951856382096853,0.09975850524954644,0.06737698578849348,0.10067840648840376,0.1450622741991639,0.08065607692087438,0.0712993839083155,0.06658772242856197,0.06082037842252952,0.9895452844212707,0.9834592974468097,0.3854635290425994,0.2038632157978909,0.9917924181738754,0.12992170835333772,0.2348546988844164,0.21755006955808967,0.9898186806772078,0.2273813111340991,0.37060057935268337,0.021377186745975774,0.0666314725003411,0.3513000266030277,0.9866389426927846,0.9981855316343091,0.2454822702124431,0.24685043239974724
126,0.027553415703534347,0.039526943361873464,-0.005752173204022007,-0.006038231742071853,0.0068166938292874985,-0.0024434955522692065,-0.012257819864892088,0.11574292799042982,-0.05790407752946517,0.012120788707264539,0.16479591407995736,0.12229761622848934,0.9829103806581795,0.0923498871287492,-0.03377417627783551,0.01940167092181476,0.15398096251469712,0.1679135402578038,0.0563022731948647,0.06358127819316263,-0.026266062651826776,0.03164206925984543,0.04526733415090711,0.043834102331575156,0.08678390882550951,0.04085577132625569,0.005819838764561846,-0.008971708167331931
127,0.32891695427581014,0.16104666247186727,0.27057590786797014,0.17399718974112552,0.29878498968482736,0.236849593375822,0.2300549194194704,0.1086728117812725,0.2774979565791296,0.1722690917165695,0.999776346612612,1.0007340351673086,1.000844511806903,1.002794413159863,1.0021384520696512,1.0030160161486354,1.0005625221882128,1.0012711610029572,1.0028910350451297,0.9938157521628279,0.9988816837002474,0.9991248017511741,0.9987938086027681,1.0033702441226475,0.9984016177016137,0.9967072359676519,0.9989753935858661,1.0018416862718433
128,0.08739527611966302,-0.021853770093855154,0.12114695801328683,0.01857692021621737,0.11000914251976004,-0.02512850336553554,0.06350721326082107,-0.08015361719698817,0.0689854350801883,0.08872325415547018,0.17050554797473028,0.007512462205330639,0.1637926738990302,0.05269273730609676,0.18751556616951517,0.22008323575969235,0.1879505498218686,0.9872203410045801,0.13849810281390892,0.9926912553127099,0.17637576195230628,0.27544665025710013,0.08942074289171272,0.3243432897539038,0.23857703019481888,0.055061802805711664,0.2566018269609025,0.9803088495994168
129,1.0014553227561764,0.9939296264119565,0.9965012599702089,0.9909666824916663,0.6882388650754933,0.43690761743867873,0.718033071423106,0.9917628083550413,0.3486637583098058,0.19483271785837822,0.16832775255269203,0.18850594627167142,0.9988437496729237,0.1253894633970637,0.09163924177212446,0.20226055522214545,0.9955939811664891,1.0020501445449677,0.31483247240528156,0.29901630982921207,0.21787228973738967,0.20915134396252863,0.34228018418068124,0.1430007421046761,0.19299816657328478,0.04442966618432959,0.12432169819902512,-0.04082643169820009
130,1.004519462033009,0.9905086859604719,0.9980583027328193,0.997777364541599,0.9991988978326494,0.9992870607545616,0.9972963501379648,0.9851018879278208,0.992168980961328,0.9493932798837198,1.0009066707020702,0.9977675863056437,0.9981311248324,0.9900099060994183,1.0004416610847569,0.9978646118601778,0.9986588573257589,1.000763759487061,0.9992273557247806,1.001107052477693,0.9999429563362453,1.0011179072575724,0.9987772271926495,0.9997242592834321,0.9982766275783044,0.9975553861796822,0.9914338201385449,0.9920563682367517
131,1.0013299550974954,0.3736833392123837,0.9940068279599674,1.0001700478642248,0.579813190203539,0.2982834587103303,0.9970462005757161,0.6088385398935516,0.9933128729407675,0.1872459278271993,0.26949834459587807,0.9894588014137986,0.11268166596216642,0.20231958202758496,0.2659686837428777,0.9898580936339839,0.14458675342040145,0.3041301276938764,0.18830131044605633,0.1657925631547556,0.21880452874852746,0.24002444004692933,0.243971211873428,0.13491548376441428,0.04200368195321619,0.20222778044340567,0.07142544308551868,0.09756987505783668
132,0.9997847130351635,1.0007520098435,0.9986032320404707,1.0014902180430933,0.9970273937750762,0.9957838684922469,1.0009457909523372,1.0086624931552663,0.9951071226833021,0.3941434115150496,0.4200965899345045,0.31062280271544196,0.9946697397608243,0.9971103835023959,0.2702155986608037,0.3748085756406575,0.9981375907029069,0.6527070049528363,0.9956632920901427,0.9939390876833258,0.4986166817458498,0.9948349285600906,0.997587433899054,0.3935021445546057,0.2987111285611317,0.19001234372818832,0.9870674788768589,0.3126279839035753
133,0.9927203626018818,0.9977337324927225,0.7798329285900988,0.35389197369504083,0.7051151585537103,0.9916642970704004,0.5039672970341043,0.997889057181735,0.1812426017005059,0.23092508808562437,0.2874845430413303,0.1929307228702987,0.9967261948914292,0.22032832360272941,0.06042874986346805,0.22766913563945584,0.30452088412556166,0.9955902440057938,0.19061317443603187,0.24391251949983497,0.2924469505316694,0.3008002652178333,0.9877254275270901,0.18182256013473222,0.22603349524654476,0.08051198593762565,0.2523365791207257,-0.03359998087625793
134,0.060803897493462315,0.016108592486997954,0.08040649060190183,-0.0006799563200003723,0.11713078006848632,0.025158907623072678,0.0421726748217699,0.02136634979622639,0.01818001911292247,0.051129208121163235,0.1271639533919972,-0.004120248318350743,0.0661355962124776,0.012678958430340795,0.07230069966058746,0.04302491411952159,0.1292337103137412,0.11609100769794463,0.05873215609792117,0.9889838887192826,0.00935022431112472,0.02815438843637428,0.025161550385327303,0.06081525846932903,0.045913304409509234,-0.0012730024352457826,-0.02348639243174309,0.012047250052923935
135,1.0094410985258153,1.005034556067052,1.0010935571766497,0.9709678611626072,1.0005259713909427,0.7638289648778949,0.9999956524208244,1.0020143254149847,0.9787843241442344,1.0039695022735275,0.990793884123671,1.0017616094233521,1.00129971091659,0.9490615599508279,0.989027883000012,1.0021351407378907,1.0010715682255877,0.9924382070894855,0.5418895921287463,1.0011447919860899,0.9984760672301923,1.0000430336633812,1.0038914763362035,1.0037975169773234,0.9794426294521725,0.9986637834604539,1.0006302875873176,0.9780439006349615
136,1.0010316166327895,0.9980664256207024,0.9969519946857509,0.6254441805902231,1.0022358169011247,0.9984824420856113,0.9958646977001592,0.9950346308189304,0.9937436467522237,0.9955271864793732,1.0014926144413112,0.9950883595791362,0.9973154342923068,0.9984611195511142,0.9990803854135666,1.001479894518597,0.9989030806485482,1.0005472212074369,1.0018459902550496,1.0004834311091393,1.0001987344221757,0.9983181095007976,0.9955746249158021,1.0047750431959501,0.9980155503283819,0.9957094507888149,1.0028461303054368,0.997632544968533
137,0.9964310303670461,0.9918178664036239,0.8697443062926393,0.46574774789511986,0.9913273093524861,1.0019977606402162,0.6794566271346828,0.9976106328597283,0.9856539629708541,1.000038153829968,1.003805621004322,0.50551214674178,0.9962655999572636,1.0074535927897315,0.9920371815310731,0.9960513972185108,1.0018090007786808,1.0040173133835582,0.9986450766829791,1.0017731923400683,1.0021680316820392,0.41456805049337025,0.9941358608710149,0.9964670799374473,1.0021602537871195,1.0016465726743202,0.9966013435139764,0.9999066760510757
138,1.0012249759248304,0.9827339084689498,0.9950473079034385,0.5978480666867246,1.001993370854541,0.9496438112946604,0.9957282013954739,0.7333487632201052,0.9938119655495965,0.42129597974787597,0.9905412511009517,0.15126445261166782,0.14975033312432684,0.291225086688099,0.3095508810522566,0.996210274945968,0.24396660527505046,0.43628981550225066,0.1672657110491422,0.32845015201416644,0.9931374978782163,0.9957352433198077,1.0005015632651846,0.2413889451116017,0.19198469525189946,0.2016729189801437,0.28590446890241783,0.27842704549857367
139,0.9986773102418403,0.6103366192327769,1.0014043940862376,0.9952818718349188,0.9934857083153434,0.9860571590286021,0.9984796536147185,0.9830112425912672,0.46293921240082675,0.4035356727477898,0.9897141978402423,0.3100788711548132,0.246277834221379,0.16395110957581757,0.9869509892456902,0.2814953010380131,0.32607323034064795,0.2647895640723127,0.9942485547723938,0.9949100198797634,0.4338219381381294,0.18515319319759516,0.21052757689128848,-0.05515929179695766,0.17244235199659508,0.3733108060895186,0.18046561957838753,0.062067419277880245
140,0.3321353903216252,0.32221060113796623,0.3600695491483725,0.9889601610069507,0.3432430915977501,0.18766991612244682,0.9749336434070524,0.2505222210595324,0.2879317119484945,0.11239672373065639,0.0928580126280413,0.07402653994652723,0.05140673621711877,-0.12543940939760176,-0.07769618984502505,0.16342405980280889,0.11471510270800733,0.22410114791474794,0.0685866659358882,0.08175748300094059,0.09742410932569243,0.9940117132620521,0.98970915320854,0.05106600279688204,0.04009626858620921,0.03931160659277046,0.10818581092015626,0.12940245514199966
141,1.0030260883850146,1.003343941147829,0.9945509151137601,1.0007717135869327,0.7319854820256368,0.511806144553985,1.0005134834693024,0.995248164548264,0.3466769174036788,0.1581807444226161,0.18152056709265033,0.17927493371867234,0.2757030422053866,0.07353743612208928,0.08139404530531644,0.2791991704792907,0.24230716373602587,0.9959395911932016,0.22563023944180696,0.18021950598473702,0.4058861556956817,0.3209145494072875,0.992380585100655,0.2750081453641112,0.11607782021484023,0.10547124438714955,0.996318936469297,0.1657701873842323
142,0.9898871936195889,0.9448973508349781,0.9978164669966936,0.35514256454633086,0.9697256528674969,0.37658886154018456,0.9625164471430321,0.639014769121117,0.2469127664724295,0.24151549639671321,0.2648727145829735,0.008663731478698342,0.09183159579865893,0.02427828708482788,0.05888760631064777,0.16072658183327104,0.2559881340105572,0.2253980257454505,0.14994577850130122,0.9874108648011442,0.11602596158767664,0.12638525207616486,0.21519748213819873,3.0981596874056494e-05,0.112866408680814,-0.017548013963527235,0.04300239400507898,-0.04675255055430164
143,1.0005150503827143,1.0016038393178914,1.004346005352674,1.0025896142852408,1.0005978328586351,0.5780808003570165,1.0036714213479738,0.9953947292514805,0.9946983651015495,0.3312697425387603,0.9942033551874687,0.995541878056925,0.9976338681165982,0.17861590603986938,0.377841657228066,0.29374806898270167,0.28936940861096816,0.3871910878709063,0.24225291760838918,1.001119200164108,0.20165738627231672,0.99709531472338,0.47305547839193535,0.3632736593037523,0.2894271179501376,0.2455275371079905,0.08319114551019453,0.14113787804146247
144,1.0012907506038857,0.4870037052425933,0.9955487299104242,0.5508192101127468,0.7468173601983998,0.9901377032519627,0.9947086345204617,0.7553136682682517,0.9976947351708307,0.9997453883645067,0.9997584466448219,0.9975169771206343,0.32075890563916376,0.3297017608242709,0.5309922749821328,0.999679667046713,0.44655774904624673,0.37424228537407234,0.9936622433855291,0.9979548384065269,0.5028632323751425,0.24676758410808286,0.30780862414637683,0.9905762182093569,0.3491045324957409,0.9980923292475208,0.3520628313444326,0.3843544205327441
145,0.9996888520125777,1.005113248324709,0.9998531909566265,1.0017618494025529,1.0008665211133294,0.9958858727479145,1.000233559583816,1.0012697201779328,0.9933157614392885,1.009296441957801,1.0006039150555843,1.0052433113626966,1.0013585923898427,1.004086260047606,1.0019488064469013,1.001488405626592,0.9984343122038974,0.999891796596763,0.9990791176578129,1.0006304685647365,1.0015331433574586,0.9956907253927407,1.0011891558206154,1.00125070543565,1.0005499735410348,1.001441942464731,1.0041858395695447,1.0026575049281354
146,1.0015659685155427,0.5960462998934817,0.9909112136356377,0.9986456908268906,0.6959396080152738,0.992123236470223,0.998266326232454,1.000894132972,0.9954234360558516,0.29607886350354146,0.17235984165450333,0.17450594456272428,0.26514571160614003,0.23819257683705788,0.2195534393623279,0.2668687720103816,0.9989133212935093,0.9963337189386425,0.9998053674610607,0.294349966267375,0.462798638899497,0.28198538616637414,0.27777915647617524,0.18190661623723214,0.09512902594205513,0.30898298571321947,0.9956137557867138,0.21392355585229533
147,0.3475466837571843,0.13894970513418972,0.29631935825873695,0.19459054519937466,0.28557704814759294,0.1861319396375449,0.24877644054198472,0.14851448920760496,0.16927063742219153,0.1717146236787777,1.003045269031633,1.0036031175481706,1.0012002438357983,0.4640238344335439,0.9874395022830751,0.9928582474627179,0.9990844664162095,1.0022514232987165,0.9987756687571383,0.9952020528210741,0.997279754772218,1.0017862834259343,0.9967750881518607,0.9987619649810762,0.9999529353517328,1.0020646384899494,0.4396167391815811,0.5202134149476119
148,0.12389872412212131,0.07220624927798161,0.11496951690341935,0.024243967211745012,0.057137220217789074,0.009532306029593839,0.11408065289309201,0.09617156252799547,-0.01997487833309268,-0.020120257382986936,0.10367748864660911,0.15671983934983819,0.9958841784222463,0.15434033218951315,0.08885572521918904,0.12406627014068164,0.9981731318899659,0.9989090612715348,0.9927930237640425,0.24832814926206104,0.18686101999684024,0.11547780517411887,0.10484548997581486,0.1239698348098126,0.173680585180527,0.10893837448994034,0.1409262208820088,0.07459577794459803
149,0.9754123011426987,0.37445731185760034,0.7122166686580893,0.3231132245569789,0.5014791351833132,0.2066199170270298,0.9685566151032996,0.45959621345912105,0.2735461089971833,0.17081630156056216,0.177297077401623,0.08613400984483055,0.1465516865770557,0.14527306450013916,0.1378821644135874,0.17737280895097776,0.9956339143792468,0.37908803404384084,0.9937699280596825,0.23950564457289958,0.9796380433605469,0.04930114956831408,0.23461875906436933,0.08717718691284237,0.1432685520546298,0.16029682675300716,0.24596090649203706,0.06586808310891723
150,0.5259503979661355,0.4254560923806541,0.6390559601217493,0.3334349770613739,0.9866232041065771,0.34166833209987924,0.9904631977020573,0.4583094544434424,0.23926715761070574,0.14152672019464424,0.34440097198520175,0.17444896105897068,0.1403752119973405,0.05031127843541058,0.9886912614032892,0.37734389175278277,0.32465752520497365,0.9945536313918313,0.2431695058612254,0.9996939630101853,0.24028676807959626,0.9945810311284995,0.27764849549324505,0.02547496377697004,0.24747795927429578,0.11834213278930777,0.13802889550695108,0.270447561583884
151,0.1002481195990432,0.06012075561805558,0.11477645330307062,0.005019441488877979,0.06286756842275387,-0.029373858013233695,0.04916018348049628,0.06297053357059047,-0.02356813639259217,-0.03624611354505721,0.12213251634358953,0.09786748533303588,0.9980953854325223,0.11294940551803498,0.05605019740736486,0.15290466978750683,0.996881787840792,0.9995055757500309,0.23871166783246334,0.22479858687116056,0.09824716407952414,0.12380618624128378,0.15355296903997906,0.18494383313276752,0.18199992073563404,0.0598716645906925,0.08841795873427771,0.06720907081712432
152,0.9894990532986381,0.40770664208114005,0.8393319670248838,0.9987254097429799,0.5692310706175261,0.2631149131405409,0.9914974252134268,0.4706843338664239,0.9960882454540834,0.16247831317851136,0.2358647626628831,0.13718965862004304,0.2219396797942124,0.1733182144857869,0.07288784418985628,0.9978741422889814,0.99664426805685,0.9934271907031091,0.23536606647887018,0.30102297424199426,0.34023932353432157,0.4416127954898066,0.99781577844587,0.14271301357935362,0.09444631909787925,0.16447328244065054,0.1905737311835046,0.18686785069074197
153,0.9994311380284111,0.9911065162603714,0.9946622859258546,0.9999838092425579,0.9941828582301431,0.9897844471680723,1.0018127626324196,0.9962674499342176,0.4397126779879318,0.32406597442368495,0.1870897554833478,0.09693768647842976,0.14757769754840872,0.04985391488219337,0.04060721722211863,0.18661390647083978,0.1350160688188481,0.2493461395480726,0.10538030848683771,0.20216140225664764,0.20509003362887354,0.9910086315429356,0.9904789091060424,0.0446631138845919,0.11506271647206447,0.043613042564360806,0.11155939899349045,0.01829445801057101
154,0.9963186245955515,0.5527977561293965,0.996824599503221,0.3845511627610203,0.9940827002311114,0.3446428460621095,0.99868283468537,0.44212885079201214,0.3131119925262786,0.27692310048326796,0.9902031695843412,0.09388040285073483,0.32540223268676416,0.2243148261162115,0.32015161515541046,0.47864222965184483,0.9946126565403638,0.9970238965809122,0.34382810554360105,0.44788609923636336,0.9979445928922659,0.3494692183440078,0.9925022030481689,0.5281167221353451,0.37801812539404245,0.3338217751234262,0.9634984460703175,0.9850096980217681
155,0.31454459423109793,0.16110876496001705,0.2825038420352383,0.02806647752943771,0.30443924811179146,0.12761685518146879,0.09007167375952321,0.020390341004254374,0.14748564615729548,0.20228193703771608,0.9973553575641212,0.3601799051879622,0.43561578581634364,0.9934986278640718,0.9966519105137714,0.9949482251067367,1.0002449425351476,0.9998622906939352,0.2934348564751795,1.0007144363962026,1.0037217336058148,0.3086804242111107,0.9952769638066508,1.0014014778862237,0.9858774452937924,0.4831159241023776,1.0010473553930879,0.9996125623283587
156,1.0005009277376398,0.9974574481814995,1.0009936825390764,0.9905157886492175,1.0024860563700868,1.0034480309590352,1.002899792263786,0.9967107628050533,0.475116015979407,0.9923519809354023,0.4854993415565477,0.28022078527038186,0.252940907725833,0.3520507647859307,0.9848521676457461,0.9879814126565207,0.3782720641895825,0.9954718765010095,0.9912253469126079,0.9954399754801556,0.6420951208300772,0.22566807005791234,0.3091344525879594,0.21843098425522367,0.18801907543007879,0.3308198122148491,0.9745563001709143,0.3706686826963181
157,1.0005773991403173,0.9927355249759326,1.0008207994132565,0.48535674974113174,1.0007539642335654,0.5839772435945472,1.0021583860453944,0.9926918131769388,0.9911918380854242,0.3196802235271913,0.998347005266849,0.13154640444721424,0.3175570160735121,0.14424462004933467,0.34824338478703093,0.9923515222806261,0.25515560361412654,0.3573291303871338,0.1057858594440029,0.9970826104868857,0.20918155287812934,0.9890455246331256,0.4273714767411275,0.2482438861423969,0.14301480657628304,0.1084571349148534,0.10942034515426914,0.2083664275268157
158,1.0017622943674716,0.9949064166411926,0.9986017404544021,0.5247100864832297,1.002385117813406,0.6106415288574433,0.9957858575631418,0.707506452038031,0.9955417411655141,0.99090221228502,1.0001497708891183,0.27574074627401507,0.9995746653263339,0.9978321903440628,0.4072721063889768,1.0055487067795223,1.0036164092522506,1.0027220314150163,0.9988730297492212,1.0014082880149555,0.9995825470579105,0.35821109550024954,0.9923298293267967,0.6883045569704127,0.4011007679670422,0.3097085706774452,1.0010647231055707,0.9964622709945636
159,0.9986678774632956,0.9976992077074014,0.998506417113465,0.2698779802886542,0.997948064106547,0.9933984213059317,0.4903724115060564,0.9805074919081838,0.436855818523184,0.9992153228243412,0.9958772559467054,0.33266855247723054,0.39218359024218663,0.9546592548981123,0.9959537264057834,0.33221712383373014,0.9944474325564358,0.3230089622476221,0.34643952110173437,1.000516022920898,0.9968951657969702,0.05608447554926788,0.3929521517417326,0.9915513229763029,0.4023370833601721,0.2896094111768065,0.31042232303153194,0.2630566188112282
160,1.000358745814855,0.6331003703018949,0.9989544925437999,0.9990850103119508,0.9922686167043856,0.9854994615964672,0.9950476722045769,0.9861791170855676,0.44409258579994126,0.3555741297829532,0.136771449386976,0.0735499745242048,0.05076698669933676,0.02689694880625397,0.09062777377077691,0.1336778348996681,0.08942029422917278,0.07923679767166505,0.15784556837130992,0.19207677295070943,0.1818933838931575,0.17732156274896568,0.23472558633445198,-0.1645303843249028,0.036820050153739244,0.09837490862756527,0.05180334226106169,-0.0721843617243386
161,1.0050330782422963,0.9941960308918076,0.9955143306751474,0.6012435777777783,0.9966800878879118,0.9958041607857109,0.9929237102835743,1.0046705645787348,0.9894635894571133,0.998689159095187,1.000355674750279,0.995762998623754,0.9938131800089619,1.0012051924030159,0.9929589005579685,0.9988134516981395,0.9970970465893758,1.000780016616364,0.9966523533416155,0.4852651408616416,0.9990430025895034,0.418640339103358,0.9914564964618554,0.9963657977320809,0.6123787065397712,0.9942029970233981,1.0035876512791044,0.9987605036947333
162,0.21869107809866234,0.07997595240252614,0.2078174593078021,0.03368886386888738,0.2275798889925334,0.1416190149756557,0.1465461993345989,0.019404630432992113,0.07648943518737343,0.06833908013840322,0.9778051703644501,0.3336502717236671,0.483418675755328,0.1306815993790608,0.9956304072172892,0.2634405072418982,0.9738520973086455,0.9930277708152052,0.9575311666078525,0.99674229008335,0.4138964514392517,0.11456163768782354,0.14984347837543663,0.3691323682030196,0.9881270112766887,0.988803706946814,0.29078959674075966,0.3365624824935978
163,0.9978397734374613,0.59305512264078,0.9951465481436216,0.42500827770684013,0.9925438624913949,0.9913514731629436,0.6629818084876042,0.9952437107776477,0.36474126306466925,0.2583429939588153,0.45270878252305535,0.9931402766868711,0.9989909809460946,0.42893590412472976,0.5403651976977171,0.9993672907036926,0.45201155548661703,1.0008902810683984,1.0000185443631298,0.9997426290864104,0.3911405200266075,0.9945754413950679,0.4261989940140723,0.3350939463022863,0.9929712327375375,0.3801693871791121,0.15601216503751075,0.25585941202966844
164,0.15540173646246502,0.12057000519065653,0.08856575433224408,-0.006704877973317175,0.10215032137748792,0.11650482794744418,0.028949200433726067,0.013280303650344008,0.101262243726491,0.0908905086307275,0.13980586661218972,0.25958098732176915,0.29457899257173614,0.9924722142624107,0.42774664679088,0.26611410952935755,0.3512798559565031,0.9942535924142518,0.998518968022717,0.15182252697937823,0.9951319785444048,0.11601454142724094,0.21282654015204244,0.5147599171631229,0.9886367534015699,0.2714000428896436,0.996288703596138,0.996236278111549
165,0.10894990660671669,0.05323267426895391,0.07492094437016802,0.01575169617325342,0.04379151099096667,0.013398127873200771,0.0974892624823972,0.1224904677682907,-0.011337450221353663,0.03188995281700156,0.1415335444868127,0.13661277317599196,0.9855434181156655,0.1987660410369965,0.034245992547095254,0.022810477066734412,0.9942657025555464,0.3452329464912798,0.9935456790211955,0.1934246088396533,0.11554626101872573,0.03704519423836402,0.052756717465122775,0.05974549885279584,0.12554713557715355,0.13586435441660893,0.058038569888092695,-0.02292203308505588
166,0.9965751815006987,0.9980134060027377,0.9993155850819453,0.998950857904823,1.000484189613874,0.4809262276192956,1.0047235780661585,0.6153803262321446,0.3729429799888224,0.2641541441648899,0.2577821934805383,0.11235550008125181,0.290752494559912,0.11348167721825014,0.08891775432448454,0.23002948575990814,0.9967975585802498,0.5361282387278894,0.9864486249217459,0.9944083213605468,0.30094553285246367,0.998897788576985,0.9910175190890271,0.10789326291664868,0.21451518848959494,0.08746751247773622,0.11644997415427248,0.07665035219154348
167,1.0003333703960995,0.6202960779273464,0.9994439367037413,0.428105524569988,0.9954397244859281,0.5922494977093875,0.9964961244125856,0.984697051308106,0.4262863802370075,0.979151393803491,0.2296089112986704,0.04828935770237445,0.2922717330073946,0.16158420133083568,0.1710275991009435,0.14976079350170837,0.9910264084242948,0.21688883868629333,0.9916388913824985,0.9949280451697113,0.33842563102247386,0.03670896287626397,0.1461644340022156,0.19288309674502227,0.10672943008377309,0.13328245439410397,0.012925985207934705,0.05492919028360041
168,0.11999815252983137,0.08525556602214795,0.12703260040549683,-0.016718669481985297,0.10505073057195005,0.025847969736661834,0.07048383228654667,0.055746906555805234,0.035241792851254124,0.06467730728618395,0.9858242046110727,0.10866818773693496,0.9971157418900022,0.10703622538464806,0.17691616606501226,0.13370160205430792,0.9840631076766314,0.21319035078400922,0.15939895171683136,0.27638929153239755,0.10909056688235402,0.017461375976292638,0.1799583700268392,0.2591973331279435,0.18638027794195083,0.22511590113825442,0.059552097334823785,0.0407316635354745
169,0.3288989250671186,0.15939363144687424,0.27106517603063196,0.17212031904150252,0.29975840526072056,0.2323115646440526,0.2302731704771582,0.1061040959812186,0.2681217104035578,0.1744332297807175,1.001288274721722,0.9561489093070593,0.9848557344817201,0.9552399826102362,1.001782613393067,1.002959867260763,1.0021349469251333,1.0074302666076347,0.9722390835955067,1.000821949516214,1.0005432099740141,0.9992879231736305,1.0010556477107486,1.0029429274987907,1.0059472465876267,1.0003645593207169,0.9689240286740797,0.9819276596391473
170,0.19488486905508967,0.09254681092495724,0.1723645166157912,0.07010864375662107,0.14514839563636794,0.076683410932958,0.1700531022361333,0.015131388755912672,0.12000102961052861,0.20356970126934343,0.3367619673180269,0.2839313855743768,0.26790107760699433,0.2938521528488188,0.31780343264529015,0.1742386816101405,0.43832413270707526,0.9986343152009156,0.9977364022031543,0.9924581708335805,0.9856964392075116,0.9965431430433198,0.3237596170142984,0.9940105002118506,0.9945026793975948,0.3313515154762595,0.42505299416889486,0.9961987831938738
171,0.2883335088723747,0.10378129491582584,0.20655099673333316,0.15974354909893992,0.18780697468977697,0.14410884118805542,0.24950300146062368,0.01948001185267624,0.16834596242181674,0.16243231539677658,0.6147967304450885,0.44311809317565676,0.313304616243425,0.48306476202296317,0.9892355353260276,0.9955534449699144,0.997025283102795,1.0007311452849335,0.9980354631872673,0.3212535632275847,0.9976168220286543,0.9910233476941656,0.9885147032799322,0.9909554434205321,0.9963363529518792,0.9951430169973323,0.9968917586355801,1.0035396794366038
172,0.1383289040547282,0.07676381134243812,0.14713805147838366,0.08847592359288883,0.1803139727456083,0.12844806041621065,0.2064637452890984,0.07961863397652724,0.11360076517906771,0.1157939847985585,0.9883927134982741,0.33475616448343537,0.995106322323235,0.20763366890843343,0.9969636403973059,0.3345166946495176,0.4211615784776928,0.9947999762977883,0.9994814056237735,0.9928846478682929,0.33559463859256056,0.9883572357621468,0.19620112986121813,0.3979786814016083,0.39529168553507965,0.32698908648339975,0.33445781466872826,0.9873346627950603
173,1.0002995178671292,0.9936432244029623,0.9917702387448363,0.2530137364054223,0.9841121291598807,0.3557473331998027,0.5754689760010401,0.5307312151313681,0.1578121078876899,0.15124738184834768,0.2166547608100708,0.08659780633862521,0.3615206864739259,0.2070200753230222,0.170710184255004,0.2149981684182737,0.9964104306444741,0.991727304371025,0.23339451750637372,0.39040632425291416,0.2936864352702638,0.1777006318276787,0.3270031504118007,0.19801795709525272,0.9805908511905717,0.20244443055748584,0.1119437020266075,0.12272220103499845
174,0.22236919815677067,0.0690751090000524,0.17575574442034425,0.07355468025016808,0.21588978560416044,0.19700592506285103,0.12746843419437834,0.15800868760813497,0.06083323596005365,0.13718701489464183,0.9979716220859289,0.4298153667234903,0.9965242448732184,0.1676550932114057,0.9953113039867794,0.3009533139799622,0.5391967262076078,0.9971764836434427,0.9975329035464345,0.9968504875518247,0.9899812777412831,0.046145154826534626,0.19475602658700508,0.33050794729983135,0.5041770186229839,0.9866304535781929,0.3989173937563003,0.3152523491371815
175,0.2228136809535542,0.06394276788068397,0.19560282988794986,0.06613641628942706,0.13495242672718918,0.04154174386146885,0.08569182961322394,-0.03421664405397257,0.12915989948436365,0.26079709165677356,0.989418231541844,0.2264139735421113,0.17916710857396198,0.357586434188297,0.2785206034275529,0.9920578198957435,0.17824544129539713,0.4917403528083272,0.00695346385494211,0.20796739903395145,0.9923693646371892,0.32082005237550776,0.9950008916298685,0.997978466960523,0.2885726232297261,0.2861391826501779,0.49271514348104295,0.9762749346890482
176,0.11376594180534841,0.018593040129350667,0.14921163366056495,-0.0010601492168883266,0.14821801458589898,-0.0038910727941389583,0.07536846208817743,0.007870882130798833,0.052909362475111216,0.05501990766571591,0.1360135474248646,-0.038988668793124855,0.195786650074701,0.09159662967759015,0.08811231713644452,0.06598468926879936,0.992622758940433,0.2428496333340952,0.1918581810872216,0.9930698929797906,0.045519895234612084,0.036219265127691413,0.08435109329144273,0.1368142750519183,0.09660612060177712,0.05038761640449195,-0.03260789218842522,-0.02252086748680902
177,0.18578797548915088,0.1353189943460666,0.17077503294074448,0.0027800673940940324,0.08042720955257329,0.04596433373288055,0.1008776732628762,0.12195500510485581,0.01772847657821057,0.04833873710835499,0.9937899961737839,0.9663517745279071,0.9980159850741523,0.21439398419706118,0.40492203654884135,0.2533698415852773,0.3001169792738346,0.9944331239971731,0.24754048887825356,0.9940948727786594,0.32642590734632715,0.15498467513180814,0.2942909073538197,0.9927074261978959,0.33199387059067653,0.3609097433127971,0.9802435937002829,0.3752783655911135
178,0.3291021545176397,0.1602038666875735,0.2708415436560766,0.17377498293619595,0.29960281309597087,0.23660131356243783,0.22934025717266807,0.1081082211332946,0.2781061854378476,0.17318823162111768,0.9998427442617617,1.0006916522291611,1.002879667920439,1.0027826087197185,1.0022139994121186,1.0030081773856343,1.0005924448608006,1.002014971007911,0.9993911026601137,1.0007907450919942,0.9988316650009668,0.9991457707941309,0.9950077914933596,1.0034357537481926,1.0047214626671381,1.0002643968343454,0.9953598263364045,1.006299610006078
179,0.32883723522767627,0.16149112452368766,0.2703990104859646,0.17331046181089466,0.2998473302209802,0.2368368781598678,0.22982679140660378,0.10771620914197062,0.2770633228626323,0.17304189904535458,1.001016525010843,0.9923773375816278,1.0008461652396023,1.0027202541257267,1.0001295352532507,1.0002877531288428,1.0006181429357652,1.0012931517869457,0.9993316959121169,1.00079757643739,0.9961569618660671,0.9991641883896857,1.0010802725971237,1.0030362098151642,1.0025969074502277,0.9967252125441105,0.9990210705725395,1.0063111337422916
